AccountName,Name,Category_1,Subscribers,Country,AuthenticEngagement,EngagementAverage,Category_2
cristiano,Cristiano Ronaldo,Sports with a ball,483.1M,India,4.5M,5.6M,
kyliejenner,Kylie 🤍,Fashion,370M,United States,2.8M,4.4M,Modeling
leomessi,Leo Messi,Sports with a ball,357.8M,Indonesia,3.2M,4.1M,Family
arianagrande,Ariana Grande,Music,331.6M,United States,2.9M,4M,
zendaya,Zendaya,Cinema & Actors/actresses,152.2M,United States,4.8M,6.5M,Fashion
virat.kohli,Virat Kohli,Sports with a ball,215M,India,3.6M,4.1M,
selenagomez,Selena Gomez,Music,347.6M,United States,1.8M,2.3M,Lifestyle
thv,V,Music,51.3M,South Korea,13.1M,13.1M,
lalalalisa_m,LISA,Music,82.5M,Indonesia,6.7M,7.8M,
taylorswift,Taylor Swift,Music,224.9M,Brazil,2.1M,2.8M,
beyonce,Beyoncé,Music,275.7M,United States,1.5M,2.2M,Fashion
billieeilish,BILLIE EILISH,Music,106.3M,United States,3.8M,5M,
justinbieber,Justin Bieber,Music,258.2M,Brazil,1.4M,1.9M,
neymarjr,NJ 🇧🇷,Sports with a ball,178.7M,Brazil,1.5M,2.2M,
kendalljenner,Kendall,Modeling,258.2M,United States,926.4K,1.5M,Fashion
jin,Jin of BTS,Music,40M,United States,8.9M,8.9M,
agustd,SUGA of BTS 민윤기,Lifestyle,38.7M,South Korea,9.2M,9.2M,Music
jennierubyjane,J,Music,70.1M,Indonesia,4.2M,5M,
karolg,KAROL G,Music,56.2M,Mexico,5M,6.1M,
sooyaaa__,JISOO🤍,Music,64.5M,Indonesia,4.6M,5.3M,Beauty
uarmyhope,jhope,Art/Artists,39.6M,South Korea,7.9M,7.9M,Music
khaby00,Khaby Lame,Sports with a ball,79.8M,India,2.7M,3.7M,
iamcardib,Cardi B,Music,140.8M,United States,1.3M,1.9M,Fashion
kimkardashian,Kim Kardashian,Fashion,330.3M,United States,573.1K,807K,Beauty
milliebobbybrown,Millie Bobby Brown,Cinema & Actors/actresses,58.5M,Brazil,3.4M,4.3M,
roses_are_rosie,ROSÉ,Music,63.2M,Indonesia,3.3M,3.8M,
badbunnypr,,Music,43.1M,United States,3.6M,5.6M,
rkive,RM,Lifestyle,38.2M,,6.1M,6.1M,Music
jlo,Jennifer Lopez,Music,221.6M,United States,796.1K,1M,Cinema & Actors/actresses
zayn,Zayn Malik,Music,46.9M,India,2.8M,4.4M,
jungkook.97,전 정국 이올시다,Music,46.5M,,4.2M,4.2M,
instagram,Instagram,Photography,549.3M,India,288.5K,360.4K,
bts.bighitofficial,BTS official,Music,67.8M,Indonesia,2.5M,2.8M,
kourtneykardash,Kourtney Kardashian Barker,Lifestyle,197.6M,United States,668.3K,958.1K,
champagnepapi,champagnepapi,Music,121.1M,United States,854.2K,1.4M,
therock,Dwayne Johnson,Cinema & Actors/actresses,338.1M,India,360.2K,462.4K,Fitness & Gym
kingjames,👑,Sports with a ball,133M,United States,623.6K,1.1M,
narendramodi,Narendra Modi,Finance & Economics,69.9M,India,1.8M,2M,Business & Careers
khloekardashian,Khloé Kardashian,Clothing & Outfits,272M,United States,394.8K,489.7K,Lifestyle
shawnmendes,Shawn Mendes,Music,70M,Brazil,1.2M,1.8M,
dualipa,DUA LIPA,Music,87M,United States,1.1M,1.4M,
dlwlrma,이지금 IU,Art/Artists,27.8M,South Korea,3.7M,4.4M,
eunwo.o_c,차은우,Music,30.5M,Indonesia,3.1M,3.9M,Lifestyle
harrystyles,,Music,47.4M,United States,1.8M,2.4M,Fashion
katrinakaif,Katrina Kaif,Beauty,67.3M,India,1.4M,1.6M,
nasa,NASA,Science,82.9M,India,1.1M,1.3M,Photography
k.mbappe,Kylian Mbappé,Sports with a ball,72.6M,France,975K,1.4M,
adele,Adele,Music,50.9M,United States,1.4M,2M,
actorleeminho,이민호 leeminho,Cinema & Actors/actresses,30.8M,Indonesia,2.5M,3.2M,
shraddhakapoor,Shraddha ✶,Cinema & Actors/actresses,74.9M,India,1.1M,1.3M,
shraddhakapoor,Shraddha ✶,Cinema & Actors/actresses,74.9M,India,1.1M,1.3M,
anushkasharma,AnushkaSharma1588,Cinema & Actors/actresses,59.8M,India,1.4M,1.6M,
realmadrid,Real Madrid C.F.,Sports with a ball,125.2M,Spain,518.7K,720.8K,
oliviarodrigo,Olivia Rodrigo,Music,27.9M,India,2.5M,3.1M,Cinema & Actors/actresses
blakelively,Blake Lively,Cinema & Actors/actresses,35.2M,United States,1.5M,2.3M,
nickiminaj,Barbie,Music,200.9M,United States,252.5K,398.8K,
handemiyy,Hande Erçel,Cinema & Actors/actresses,28.9M,Turkey,2.1M,2.7M,
georginagio,Georgina Rodríguez,Lifestyle,39.2M,India,1.4M,2M,Fashion
haileybieber,Hailey Rhode Baldwin Bieber,Lifestyle,48M,United States,1.2M,1.6M,Modeling
sadiesink_,Sadie Sink,Modeling,24.8M,Brazil,2.1M,3M,Lifestyle
ester_exposito,Ester 🌙,Cinema & Actors/actresses,29.2M,Mexico,1.7M,2.5M,
fcbarcelona,FC Barcelona,Sports with a ball,112.3M,Indonesia,417.5K,636.6K,
willsmith,Will Smith,Cinema & Actors/actresses,63.5M,United States,926.6K,1.1M,Music
johnnydepp,Johnny Depp,Cinema & Actors/actresses,27.7M,India,1.9M,2.5M,Music
jongsuk0206,이종석,Cinema & Actors/actresses,23.8M,Indonesia,2.2M,2.9M,
kimberly.loaiza,KIM LOAIZA 🖤,Clothing & Outfits,36M,Mexico,1.5M,1.8M,Lifestyle
dovecameron,DOVE,Cinema & Actors/actresses,48.3M,United States,1M,1.3M,
beingsalmankhan,Salman Khan,Cinema & Actors/actresses,54.3M,India,899.1K,1.2M,Art/Artists
bellahadid,Bella 🦋,Modeling,54.7M,United States,700.7K,1.1M,
karimbenzema,Karim Benzema,Sports with a ball,57.9M,France,729.7K,1.1M,
gigihadid,Gigi Hadid,Modeling,75.7M,United States,544.9K,800.4K,Lifestyle
bn_sj2013,박서준,Cinema & Actors/actresses,22.8M,Indonesia,2.2M,2.6M,Modeling
lelepons,Lele Pons,Music,49.4M,Mexico,759.9K,1.2M,
gal_gadot,Gal Gadot,Cinema & Actors/actresses,86.7M,United States,520.7K,673.1K,
aliaabhatt,Alia Bhatt 🤍☀️,Cinema & Actors/actresses,70M,India,662.3K,820.1K,
ddlovato,Demi Lovato,Music,139.5M,United States,318K,411.9K,
blackpinkofficial,BLΛƆKPIИK,Music,49.7M,Indonesia,917.7K,1.1M,
maluma,MALUMA,Music,62.9M,Italy,577.9K,890.4K,
charlidamelio,charli,Lifestyle,49.2M,United States,963.1K,1.1M,Shows
niallhoran,Niall Horan,Music,30.5M,United States,1.2M,1.7M,
zacefron,Zac Efron,Cinema & Actors/actresses,54.7M,United States,639.5K,926.6K,
virginia,Virginia Fonseca Costa,Shows,39.4M,Brazil,819.8K,1.3M,Lifestyle
theweeknd,The Weeknd,Music,43.4M,United States,843.3K,1.1M,
madisonbeer,Madison Beer,Music,32.6M,United States,1M,1.5M,
chrishemsworth,Chris Hemsworth,Cinema & Actors/actresses,56M,India,667.1K,859.7K,
camila_cabello,camila,Music,65.3M,Brazil,538.9K,732.7K,
realstraykids,Stray Kids,Music,22.8M,Indonesia,1.7M,2M,
paulodybala,Paulo Dybala,Sports with a ball,48.6M,Argentina,588.9K,942.7K,
dojacat,Doja Cat,Music,24.4M,United States,1.4M,1.9M,
lilireinhart,Lili Reinhart,Cinema & Actors/actresses,28.7M,Brazil,1.1M,1.6M,
robertdowneyjr,Robert Downey Jr. Official,Cinema & Actors/actresses,53.2M,India,630.8K,789.5K,
oohsehun,SEHUN,Music,23.2M,Indonesia,1.5M,1.8M,
natgeo,National Geographic,Nature & landscapes,239.5M,United States,135.8K,172.9K,Science
whinderssonnunes,Whindersson Nunes,Humor & Fun & Happiness,58.8M,Brazil,457.2K,704.2K,
priyankachopra,Priyanka,Cinema & Actors/actresses,82.3M,India,409.1K,497.3K,
songkang_b,송강,,14.8M,Mexico,2M,2.7M,
chrisevans,Chris Evans,Cinema & Actors/actresses,17.8M,United States,1.9M,2.3M,
vindiesel,Vin Diesel,Cinema & Actors/actresses,82.9M,Brazil,377.1K,488.2K,
marcelotwelve,Marcelo Vieira,Sports with a ball,58.7M,Spain,458.1K,680.3K,
tchalamet,Timothée Chalamet,Cinema & Actors/actresses,18M,United States,1.3M,2.2M,
nehakakkar,Neha Kakkar (Mrs. Singh),Music,71.1M,India,460.2K,536.9K,
iamsrk,Shah Rukh Khan,Cinema & Actors/actresses,30.6M,India,976.1K,1.2M,
samantharuthprabhuoffl,Samantha,Beauty,24.3M,India,1.2M,1.5M,Modeling
championsleague,UEFA Champions League,Sports with a ball,98.3M,Brazil,267K,363.7K,
twicetagram,TWICE,Music,26.7M,Indonesia,1.1M,1.3M,Modeling
kritisanon,Kriti,Modeling,50.8M,India,600.1K,699K,
rashmika_mandanna,Rashmika Mandanna,Beauty,33.6M,India,915.2K,1.1M,Art/Artists
iamzlatanibrahimovic,Zlatan Ibrahimović,Sports with a ball,55.7M,Italy,410.7K,632.5K,
ursulolita,Úrsula Corberó ✨,Cinema & Actors/actresses,23.6M,Brazil,1M,1.5M,Modeling
hoooooyeony,Hoyeon,Lifestyle,22.9M,South Korea,1.2M,1.5M,Music
433,433,Sports with a ball,51.8M,Spain,402.8K,668.7K,
zefelipecantor,Zé,Music,25M,Brazil,786K,1.4M,
mosalah,Mohamed Salah,Sports with a ball,52.8M,Egypt,461.5K,653.9K,
antonelaroccuzzo,Antonela Roccuzzo,Modeling,20.2M,Argentina,1M,1.7M,Family
tyga,T-Raww,Music,36.8M,United States,619.3K,925.9K,
lucas_xx444,LUCAS,Art/Artists,11.5M,Indonesia,2.4M,3M,
nike,Nike,Fitness & Gym,238.5M,United States,109.5K,142.2K,Shopping & Retail
addisonraee,Addison Rae,Beauty,39.8M,United States,538.9K,831.6K,
jacksonwang852g7,Jackson Wang,Music,30.1M,China,920.9K,1.1M,
madelame,Madelaine Petsch,Cinema & Actors/actresses,25.2M,Russia,901.7K,1.3M,
vinijr,Vinicius Jr. ⚡️🇧🇷,Sports with a ball,23M,Brazil,758.9K,1.4M,Lifestyle
jenniferaniston,Jennifer Aniston,Cinema & Actors/actresses,40.8M,Brazil,529.8K,768.9K,
_rl9,Robert Lewandowski,Sports with a ball,29.9M,Poland,819.9K,1M,
alluarjunonline,Allu Arjun,Cinema & Actors/actresses,19.3M,India,1.3M,1.6M,
hi_high_hiy,황인엽,Cinema & Actors/actresses,14.8M,South Korea,1.8M,2.1M,
_jeongjaehyun,Jaehyun,,12.5M,Indonesia,2M,2.5M,
vancityreynolds,Ryan Reynolds,Cinema & Actors/actresses,45.3M,United States,514K,676.7K,
pewdiepie,PewDiePie,Computers & Gadgets,21.8M,United States,1.2M,1.4M,
mrbeast,MrBeast,Shows,20M,United States,1.1M,1.5M,Humor & Fun & Happiness
dishapatani,disha patani (paatni) 🦋,Cinema & Actors/actresses,53.7M,India,454.5K,559.6K,Lifestyle
kartikaaryan,KARTIK AARYAN,Cinema & Actors/actresses,26.1M,India,915K,1.1M,
henrycavill,Henry Cavill,Cinema & Actors/actresses,21.8M,Brazil,1.1M,1.4M,
rosalia.vt,LA ROSALÍA,Music,22.2M,Spain,981.9K,1.3M,
hardikpandya93,Hardik Himanshu Pandya,Sports with a ball,23.2M,India,980.3K,1.2M,
ronaldinho,Ronaldo de Assis Moreira,Sports with a ball,68M,Brazil,236.9K,412.1K,
davidbeckham,David Beckham,Family,75.3M,India,281.4K,361.2K,Sports with a ball
sydney_sweeney,Sydney Sweeney,Lifestyle,14.3M,United States,994.8K,1.9M,Cinema & Actors/actresses
sergioramos,Sergio Ramos,Sports with a ball,53.3M,Spain,325.3K,498.6K,
alexademie,,Music,11.5M,United States,1.3M,2.3M,
hi_songjoongki,송중기 songjoongki official,Cinema & Actors/actresses,9.7M,Indonesia,2M,2.8M,
thenameisyash,Yash,Cinema & Actors/actresses,11.3M,India,2M,2.3M,
thedeverakonda,Vijay Deverakonda,Cinema & Actors/actresses,17.5M,India,1.3M,1.5M,
jamesrodriguez10,James Rodríguez,Sports with a ball,50M,Colombia,346.2K,526.4K,
shakira,Shakira,Music,76.2M,India,250.8K,343.3K,
deepikapadukone,Deepika Padukone,Cinema & Actors/actresses,69.1M,India,285.7K,372.7K,
hegdepooja,Pooja Hegde,Cinema & Actors/actresses,21.4M,India,1M,1.2M,
rohittt_09_,𝐑𝐨𝐡𝐢𝐭 𝐙𝐢𝐧𝐣𝐮𝐫𝐤𝐞 ~ 𝐫𝐞𝐚𝐜𝐭𝐢𝐨𝐧𝐛𝐨𝐢 💫,Shows,24.1M,India,738.4K,1M,Lifestyle
bizarrap,BZRP,Music,15.1M,Argentina,1.3M,1.6M,
norafatehi,Nora Fatehi,Cinema & Actors/actresses,42.2M,India,473.5K,582.7K,Music
manchesterunited,Manchester United,Sports with a ball,60.7M,United Kingdom,251.4K,402.2K,
sabrinacarpenter,Sabrina Carpenter,Music,27.7M,Brazil,710K,871.4K,
hazardeden_10,Eden Hazard,Sports with a ball,27.2M,Spain,550.3K,887.1K,
lewishamilton,Lewis Hamilton,Racing Sports,29.8M,Brazil,557.4K,799.6K,
urvashirautela,Urvashi Rautela,Cinema & Actors/actresses,56.5M,India,356K,420.5K,
emmachamberlain,emma chamberlain,Lifestyle,16.1M,United States,948.9K,1.5M,Shows
katyperry,KATY PERRY,Music,172.7M,Brazil,106.5K,137.7K,
sidhu_moosewala,Sidhu Moosewala (ਮੂਸੇ ਆਲਾ),Lifestyle,11.2M,India,1.8M,2.2M,
saraalikhan95,Sara Ali Khan,Cinema & Actors/actresses,41.1M,India,465.4K,567.9K,
luisitocomunica,Luisillo El Pillo,Humor & Fun & Happiness,32.5M,Mexico,543K,717.5K,Clothing & Outfits
shahidkapoor,Shahid Kapoor,Cinema & Actors/actresses,35.7M,India,572.3K,648.3K,
paulpogba,Paul Labile Pogba,Sports with a ball,55.4M,Brazil,231.4K,412.4K,
casemiro,Casemiro,Sports with a ball,17.5M,Brazil,870.7K,1.3M,
emrata,Emily Ratajkowski,Modeling,29.4M,United States,482.2K,769.7K,
imhyoseop,안효섭,Lifestyle,9M,Indonesia,2.2M,2.5M,
hrithikroshan,Hrithik Roshan,Cinema & Actors/actresses,43.9M,India,406.6K,514.9K,
jichangwook,지창욱,Cinema & Actors/actresses,21.4M,Indonesia,828.3K,1.1M,
camimendes,camila mendes,Cinema & Actors/actresses,26.9M,Brazil,594.8K,824.3K,
na.jaemin0813,JAEMIN,,10.1M,Indonesia,1.8M,2.2M,
seonho__kim,김선호,,8.2M,Indonesia,2.2M,2.8M,
zkdlin,KAI,Music,14.2M,Indonesia,1.3M,1.6M,
lanarhoades,Lana Rhoades,Lifestyle,16.6M,United States,802.8K,1.3M,Modeling
iambeckyg,Becky G,Music,33.6M,Mexico,530.1K,638.9K,
kiaraaliaadvani,KIARA,Cinema & Actors/actresses,25.1M,India,754K,855.5K,
varundvn,VarunDhawan,Cinema & Actors/actresses,44.3M,India,395.4K,481.7K,
akshaykumar,Akshay Kumar,Cinema & Actors/actresses,63.3M,India,281.5K,334.6K,
leedongwook_official,이동욱 (Official_Instagram),Cinema & Actors/actresses,14.8M,Indonesia,1.1M,1.4M,
anitta,Anitta 🎤,Music,63.3M,Brazil,173.3K,324.6K,
strangerthingstv,Stranger Things Netflix,Cinema & Actors/actresses,22.6M,Brazil,662.5K,886.6K,Shows
loganpaul,Logan Paul,Fitness & Gym,23.9M,United States,625K,833.4K,
jannatzubair29,Jannat Zubair Rahmani,Cinema & Actors/actresses,44.5M,India,361.3K,440.2K,
domelipa,domelipa,Lifestyle,19.9M,Mexico,800K,974.6K,
bambam1a,BamBam,Music,16.8M,Brazil,925.8K,1.2M,
daddyyankee,Daddy Yankee,Music,45.9M,Argentina,303.3K,423.4K,
erling.haaland,Erling Braut Haaland,Lifestyle,18.3M,Brazil,701K,1M,Sports with a ball
cznburak,Burak Özdemir,Food & Cooking,41M,Turkey,341.3K,462.9K,
miakhalifa,Mia K.,Fitness & Gym,27.7M,India,416.9K,666.8K,Lifestyle
onyourm__ark,Mark,Lifestyle,9.4M,Indonesia,1.6M,2M,
lilbaby,,Music,20.4M,United States,485.9K,896.6K,
anuel,“REAL HASTA LA MUERTE”,Music,29.6M,Spain,404.2K,615.8K,
enhypen,ENHYPEN,Lifestyle,11M,Indonesia,1.2M,1.6M,
iamhalsey,halsey,Music,30.6M,United States,440.9K,580.3K,
momo,모모 (MOMO),Lifestyle,8.1M,Turkey,1.5M,2.2M,
do0_nct,Doyoung,Lifestyle,10.5M,Indonesia,1.3M,1.7M,
zachking,Zach King,Shows,24.4M,Indonesia,463.2K,713.4K,Humor & Fun & Happiness
sunnyleone,Sunny Leone,Beauty,54M,India,236.1K,320K,Cinema & Actors/actresses
bbrightvc,bright,Cinema & Actors/actresses,16.1M,Indonesia,887.5K,1.1M,
lukamodric10,Luka Modric,Sports with a ball,25M,Spain,468.1K,686.2K,
gatenm123,Gaten Matarazzo,Music,18.8M,Brazil,684K,903.4K,Cinema & Actors/actresses
jamescharles,James Charles,Beauty,22.6M,United States,510K,747.6K,
kapilsharma,Kapil Sharma,Cinema & Actors/actresses,42.9M,India,346.5K,394.7K,Shows
serna_amini,Serna Amini,,9.8M,Iran,1.3M,1.8M,
josephquinn,Joseph Quinn,Cinema & Actors/actresses,8.6M,Brazil,1.7M,2M,
kajalaggarwalofficial,Kajal A Kitchlu,Cinema & Actors/actresses,23.6M,India,589.9K,712.9K,
louist91,Louis Tomlinson,Music,18.5M,Brazil,665.3K,908.8K,
madelyncline,Maddie,Cinema & Actors/actresses,12.6M,United States,913.4K,1.3M,
haileesteinfeld,hailee steinfeld,Cinema & Actors/actresses,19.7M,United States,657.5K,834.8K,
ladygaga,Lady Gaga,Music,53.2M,United States,220.7K,309.1K,Cinema & Actors/actresses
zidane,zidane,Sports with a ball,33.9M,Spain,355.3K,484.5K,
chrisbrownofficial,BREEZY,Music,118.8M,United States,88.5K,137.9K,
emmawatson,Emma Watson,Literature & Journalism,67.3M,United States,177.2K,241.8K,Cinema & Actors/actresses
nina,Nina Dobrev,Cinema & Actors/actresses,25.8M,Brazil,432.3K,619.7K,
brentrivera,Brent Rivera,Music,22.3M,United States,558.1K,724.3K,Cinema & Actors/actresses
anushkasen0408,Anushka Sen,Cinema & Actors/actresses,38.6M,India,355.6K,415.1K,
juandediospantoja,JD PANTOJA 🇲🇽,Music,22.7M,Mexico,617.7K,704.8K,Art/Artists
emilia_clarke,,Cinema & Actors/actresses,27M,India,468.7K,589.9K,
itzy.all.in.us,ITZY,Music,18M,Indonesia,720.1K,880.1K,
carryminati,𝑨𝒋𝒆𝒚 𝑵𝒂𝒈𝒂𝒓,Computers & Gadgets,16.1M,India,830.3K,976.8K,Machinery & Technologies
nayeonyny,나연 (NAYEON),Lifestyle,8.5M,Brazil,1.6M,1.9M,
riaricis1795,RICIS,Lifestyle,32M,Indonesia,395.9K,484.5K,
sidmalhotra,Sidharth Malhotra,Cinema & Actors/actresses,20.8M,India,598.5K,744.3K,Modeling
taeyeon_ss,TaeYeon,Music,18.8M,South Korea,672.6K,817.8K,
liluzivert,Lil Uzi Vert,Music,16.5M,United States,511.1K,939.4K,
annehathaway,Anne Hathaway,Cinema & Actors/actresses,24.9M,United States,466.6K,614.8K,
nct,NCT Official Instagram,Music,14.7M,Indonesia,837.5K,1M,
ananyapanday,Ananya 💛💫,Cinema & Actors/actresses,23.8M,India,544.6K,636.1K,
thinkaboutzu,쯔위 (TZUYU),,8.1M,India,1.6M,1.9M,
tinistoessel,LaTripleT,Music,18.7M,Argentina,604.2K,808.8K,
m.by__sana,사나 (SANA),Lifestyle,7.6M,Yemen,1.7M,2M,
sachintendulkar,Sachin Tendulkar,Sports with a ball,35.8M,India,343.6K,411.9K,Lifestyle
janhvikapoor,Janhvi Kapoor,Lifestyle,18.6M,India,664.4K,792.6K,Cinema & Actors/actresses
tatawerneck,Tata Werneck,Cinema & Actors/actresses,54.3M,Brazil,174.8K,271.3K,Family
tigerjackieshroff,Tiger Shroff,Cinema & Actors/actresses,35.9M,India,337.3K,411K,
therealcalebmclaughlin,Caleb McLaughlin,Cinema & Actors/actresses,15.4M,United States,644.2K,946K,Lifestyle
jessicah_o,Jessi / 제시,Music,12.7M,United States,901.3K,1.2M,
skuukzky,숮이  💄💅👡👠🎀👙🌂👗🌂🎀💋💌,Clothing & Outfits,18M,Indonesia,656.4K,810K,Music
jbalvin,J Balvin,Music,52.9M,Mexico,210.7K,276.6K,
bretmanrock,Bretman (Da Baddest) Rock,Art/Artists,18.5M,United States,466.6K,785.6K,Beauty
iamferv,fer,Lifestyle,10.7M,Mexico,922.8K,1.4M,Art/Artists
awez_darbar,Awez Darbar,Shows,23.8M,India,503.2K,602.9K,Cinema & Actors/actresses
paulolondra,Paulo londra,Music,13.7M,Argentina,669.6K,1M,
somsomi0309,ENNIK 전소미,Music,15.7M,Indonesia,751.6K,908.9K,
angelrai07,Angel Rai :),Cinema & Actors/actresses,23.2M,India,512.8K,618.1K,Art/Artists
theestallion,Megan Thee Stallion,Music,29.8M,United States,274.6K,479.6K,
lilyjcollins,Lily Collins,Cinema & Actors/actresses,26.8M,United States,350.9K,522.5K,
brunomars,Bruno Mars,Music,26.1M,Brazil,356.8K,541.2K,
keerthysureshofficial,Keerthy Suresh,Beauty,13.6M,India,894.4K,1M,Cinema & Actors/actresses
justintimberlake,Justin Timberlake,Music,65.8M,United States,158.7K,212.1K,Art/Artists
_imyour_joy,Joy,Lifestyle,14.3M,Indonesia,809.1K,967.2K,
michaelbjordan,Michael B. Jordan,Cinema & Actors/actresses,18.7M,United States,442.7K,733.8K,
riyaz.14,Riyaz Aly,Lifestyle,27.4M,India,389.4K,507.1K,Art/Artists
lizgillz,Elizabeth Gillies,Music,14M,Mexico,666.1K,964.4K,Cinema & Actors/actresses
greeicy,Greeicy,Shows,21.4M,Colombia,471.1K,632.3K,Cinema & Actors/actresses
carlinhosmaiaof,Carlinhos Maia🌻,Lifestyle,26.1M,Brazil,287.6K,527.7K,
iansomerhalder,iansomerhalder,Cinema & Actors/actresses,23.4M,United States,378.7K,566.3K,
marshmello,marshmello,Music,29.6M,United States,308.2K,445.2K,
kevinhart4real,Kevin Hart,Cinema & Actors/actresses,152.5M,United States,68.9K,87.3K,
dixiedamelio,dixie,Music,24.7M,United States,362.6K,531K,Clothing & Outfits
min9yu_k,김민규,Music,7.7M,Indonesia,1.4M,1.7M,
chaeyo.0,채영 (CHAEYOUNG),Lifestyle,7.1M,Philippines,1.7M,1.9M,
aron.piper,ARON🌜🌞,Music,13.6M,Brazil,508.5K,957.9K,Lifestyle
ranveersingh,Ranveer Singh,Cinema & Actors/actresses,41.1M,India,242.9K,316.2K,Modeling
luissuarez9,Luis Suárez,Sports with a ball,44.4M,Brazil,195K,292.1K,
postmalone,,Music,22.9M,United States,366.4K,560.1K,
katherinelangford,KATHERINE LANGFORD,Cinema & Actors/actresses,29.7M,India,301K,429.2K,
kehlani,Kehlani,Music,14.2M,United States,573.5K,892.7K,Family
coldplay,Coldplay,Music,18.6M,Brazil,489.5K,682.4K,
samoylovaoxana,Samoylova Oxana,Family,15.3M,Russia,605K,820.4K,Lifestyle
lestykejora,Lestikejora,Music,26M,Indonesia,370.8K,479.9K,
xxxibgdrgn,권지용(權志龍),Photography,21.3M,Indonesia,453.6K,574.9K,Fashion
garethbale11,Gareth Bale,Sports with a ball,48.1M,Spain,161.5K,253.1K,
yellow_3to3,REN JUN,Lifestyle,6.3M,Indonesia,1.6M,2M,Music
yoona__lim,,Cinema & Actors/actresses,14.1M,Indonesia,724K,866.1K,
sophiet,S O P H I E T U R N E R,Cinema & Actors/actresses,14.7M,United States,608.8K,818.5K,
_zyozyo,JIHYO,Lifestyle,6.8M,Indonesia,1.4M,1.8M,
holyhaein,정해인,Lifestyle,10.3M,Indonesia,946.5K,1.2M,Music
heybiblee,이성경,Modeling,14.5M,Indonesia,604.9K,816.6K,
klrahul,KL Rahul👑,Sports with a ball,13.1M,India,709.6K,906.1K,
e_xiu_o,XIUMIN,Music,8.2M,Indonesia,1.3M,1.5M,
brunamarquezine,Bruna Marquezine,Cinema & Actors/actresses,43.2M,Brazil,159.6K,276.5K,
manurios,Manu Rios,Shows,11M,Mexico,637.6K,1.1M,
m10_official,Mesut Özil,Sports with a ball,24.1M,Turkey,346.5K,486K,
ashishchanchlani,Ashish Chanchlani,Cinema & Actors/actresses,14.6M,India,651.2K,796.2K,
realbarbarapalvin,Barbara Palvin,Modeling,18.3M,Russia,471.8K,636.7K,Fashion
juliette,Juliette,Cinema & Actors/actresses,33.3M,Brazil,223.4K,355.1K,
bhuvan.bam22,Bhuvan Bam,Cinema & Actors/actresses,14.8M,India,629K,778.6K,
kunaguero,Sergio Leonel Agüero,Sports with a ball,23.9M,Argentina,278.5K,481.6K,
wizkhalifa,Wiz Khalifa,Music,39M,India,209K,292.6K,Art/Artists
perrieedwards,Perrie Edwards 🖤,Modeling,15.9M,Brazil,457.2K,713.6K,
burakozcivit,Burak Özçivit,Cinema & Actors/actresses,22.1M,Turkey,426.4K,517.5K,
kimjuncotton,SUHO,Lifestyle,10.4M,Indonesia,920.8K,1.1M,Music
psg,Paris Saint-Germain,Sports with a ball,62.7M,Brazil,107.5K,179.5K,
evaluna,Evaluna Montaner de Echeverry,Family,20.7M,Argentina,392.1K,540.3K,Music
iammichelemorroneofficial,Michele Morrone,Lifestyle,15.4M,Brazil,508.9K,730.4K,Cinema & Actors/actresses
asaprocky,GRIM,Music,15M,United States,444.5K,742.7K,
trippieredd,555,Music,13.1M,United States,436K,854.1K,
thenotoriousmma,Conor McGregor Official,Fitness & Gym,45.8M,United States,166.5K,241.3K,
mina_sr_my,미나 (MINA),,6.7M,Indonesia,1.4M,1.7M,
nicki.nicole,,Music,12.5M,Argentina,590.8K,873.5K,
cbum,Chris Bumstead,Fitness & Gym,10.3M,United States,635.7K,1.1M,
johnnyjsuh,Johnny Suh,Lifestyle,8.8M,Indonesia,955.1K,1.2M,Music
kevindebruyne,Kevin De Bruyne,Sports with a ball,19.1M,United Kingdom,361.5K,559.4K,
hi_sseulgi,슬기 Seulgi,Modeling,12.7M,Indonesia,667.7K,836.9K,
rauwalejandro,RAULEETO,Music,15.1M,Spain,487.8K,708K,
louispartridge_,Louis💐,Cinema & Actors/actresses,7.5M,United States,957.6K,1.4M,
larasilva,Lara Silva ⚠️,Shows,17.4M,Brazil,394.5K,608.4K,Adult content
eminem,Marshall Mathers,Cinema & Actors/actresses,36.6M,Iran,221.2K,285.6K,Music
keniaos,Kenia Os,Music,13.9M,Mexico,576.3K,749.1K,
bellathorne,BELLA,Music,25.4M,United States,244.4K,410K,Art/Artists
ross_lynch,Ross Shor Lynch,Music,10.9M,United States,472K,942.5K,Cinema & Actors/actresses
arigameplays,ARIGAMEPLAYS,Lifestyle,11.6M,Mexico,732.7K,879.7K,Gaming
fedez,FEDEZ,Music,14.4M,Italy,513.6K,710.1K,
txt_bighit,TOMORROW X TOGETHER OFFICIAL,,12.9M,Indonesia,624.5K,788.2K,
nattyiceofficial,natalia dyer,Cinema & Actors/actresses,9M,United States,768.2K,1.1M,Modeling
attahalilintar,Atta Halilintar - PAPATA,Art/Artists,24.1M,Indonesia,307.7K,420.5K,Shows
neslihanatagul,Neslihan Atagül Doğulu,Cinema & Actors/actresses,13.5M,Turkey,607.1K,775.6K,Modeling
wizkidayo,BIG WIZ🦅,Music,15.2M,Nigeria,351.9K,681.6K,
c.syresmith,Jaden Smith,Cinema & Actors/actresses,19.2M,United States,337.1K,521.9K,Lifestyle
xeesoxee,한소희,Lifestyle,9.7M,Indonesia,793.7K,1M,
sofiacarson,Sofia Carson,Music,20.4M,Brazil,360.6K,488.9K,Cinema & Actors/actresses
duki,Ya Supiste,Music,10.7M,Argentina,601.9K,926.1K,
mr_faisu_07,FAISAL SHAIKH,Modeling,28.3M,India,278.3K,354.7K,Cinema & Actors/actresses
taeoxo_nct,TAEYONG,Lifestyle,9.7M,Indonesia,786.4K,1M,Music
sureshraina3,Suresh Raina,Modeling,21.2M,India,414.4K,467.4K,
nct_dream,NCT DREAM OFFICIAL,Music,10.5M,Indonesia,843.8K,942.8K,Modeling
raphaelvarane,Raphael Varane,Sports with a ball,19.6M,Spain,332.3K,498.7K,
tenlee_1001,TEN_+•10,Music,10M,Indonesia,781K,1M,
alexandradaddario,alexandra daddario,Cinema & Actors/actresses,22.6M,India,353.9K,432.4K,
winmetawin,Win Metawin O.,Lifestyle,14.1M,Philippines,617.5K,698.9K,
chiaraferragni,Chiara Ferragni ✨,Beauty,27.9M,Italy,210.3K,349K,
maya_hawke,Maya Hawke,Cinema & Actors/actresses,10.3M,United States,683.5K,946.2K,
sza,SZA,Music,12.6M,United States,458K,774.2K,
wwiinn_7,WINWIN,,7.5M,Indonesia,1.1M,1.3M,
chadwickboseman,Chadwick Boseman,Cinema & Actors/actresses,11.4M,Brazil,602.3K,844.6K,Literature & Journalism
jadepicon,JADE 🌪,Modeling,21M,Brazil,212.6K,466.4K,Fashion
jy_piece,유정연,,5.5M,Brazil,1.4M,1.8M,
mont.pantoja,MONT,,12.4M,Mexico,640.3K,761.6K,
madhuridixitnene,Madhuri Dixit,Music,33M,India,247.5K,286.3K,Cinema & Actors/actresses
ibaillanos,Ibai,Art/Artists,8.2M,Spain,806.8K,1.2M,
marvelstudios,Marvel Studios,Cinema & Actors/actresses,38.3M,India,217.6K,244K,Comics & sketches
haechanahceah,HAECHAN,,4.7M,Indonesia,1.8M,2M,
khabib_nurmagomedov,Хабиб Нурмагомедов,Fitness & Gym,33.6M,Russia,196.8K,276.1K,
luisasonza,LUÍSA SONZA,Music,30.4M,Brazil,193K,305.8K,Lifestyle
hyunah_aa,Hyun Ah,Music,18.2M,South Korea,415.6K,492.7K,
aespa_official,aespa 에스파,Music,9.5M,Indonesia,662.9K,953.2K,
juventus,Juventus,Sports with a ball,55M,India,112.3K,164.9K,
dahhyunnee,다현 (DAHYUN),Music,6.4M,Brazil,1.2M,1.4M,
michelleobama,Michelle Obama,Finance & Economics,51M,United States,155K,173.1K,Business & Careers
houseofhighlights,House of Highlights,Sports with a ball,36.1M,United States,130K,238.1K,
stephencurry30,Wardell Curry,Sports with a ball,46.2M,United States,138.5K,185.3K,Family
teddysphotos,Ed Sheeran,Music,40.5M,United States,155.7K,211.8K,
premierleague,Premier League,Sports with a ball,59.5M,United Kingdom,97.9K,142.5K,
avneetkaur_13,Avneet Kaur Official,Cinema & Actors/actresses,32.6M,India,213.8K,260.5K,
joeyking,Joey King,Music,19.1M,Brazil,308.4K,441.4K,Cinema & Actors/actresses
mingue.k,김민규,Lifestyle,6.3M,Indonesia,1.1M,1.4M,Music
bighit_ent,BigHit Music Updates,Music,12.8M,Indonesia,531.3K,654.7K,
jairmessiasbolsonaro,Jair M. Bolsonaro,Finance & Economics,21.5M,Brazil,288K,397.5K,Business & Careers
demetozdemir,Demet Özdemir,Cinema & Actors/actresses,15.6M,India,420.3K,536K,
sommerray,Sommer Ray,Modeling,26.2M,United States,202.7K,318.1K,
auba,Pierre-Emerick Aubameyang,Sports with a ball,13.3M,United Kingdom,393K,625K,
bronny,,Sports with a ball,6.6M,United States,689.4K,1.3M,Winter sports
belindapop,Beli,Music,15.6M,Mexico,369.3K,529.1K,
m_kayoung,MUN KA YOUNG,Cinema & Actors/actresses,8.6M,Indonesia,730.4K,972K,
prattprattpratt,Chris Pratt,Cinema & Actors/actresses,38.9M,United States,161.1K,210.9K,
pubity,Pubity,Humor & Fun & Happiness,31.8M,United States,175.9K,257.2K,
yuyacst,𝓨𝒖𝒚𝒂,Modeling,17.1M,Mexico,309.4K,474.9K,
anguscloud,Angus Cloud,Music,7.9M,United States,631.3K,1M,
liltjay,TJAYYYY 🖤,Lifestyle,7.6M,United States,590.7K,1.1M,Music
taina,Tainá Costa,Music,16.2M,Brazil,239.5K,500.1K,
alwaysramcharan,Ram Charan,Cinema & Actors/actresses,8.4M,India,866.5K,970.4K,
joaogomescantor,ACREDITE 🧡,Music,13.8M,Brazil,214.2K,586.2K,Cinema & Actors/actresses
_mariahwasa,HWASA,Music,8.3M,Brazil,756.3K,975.9K,
9gag,9GAG: Go Fun The World,Humor & Fun & Happiness,58M,Indonesia,107.8K,138.1K,
abdevilliers17,AB de Villiers,Sports with a ball,19M,India,360.8K,416.3K,Lifestyle
davido,Davido,Music,25.2M,Nigeria,231.2K,323K,Lifestyle
colesprouse,Cole Sprouse,Modeling,35.8M,United States,168.7K,220.3K,
adamweitsman,Adam Weitsman,Business & Careers,18.5M,Russia,313.6K,427.6K,
conangray,Conan Gray,Music,6.9M,Brazil,781.3K,1.2M,
anyataylorjoy,Anya Taylor-Joy,Modeling,9.1M,United States,610.6K,880K,Cinema & Actors/actresses
markruffalo,Mark Ruffalo,Cinema & Actors/actresses,20.9M,Brazil,298.7K,375.9K,
raffinagita1717,Raffi Ahmad and Nagita Slavina,Shows,64.3M,Indonesia,83.6K,122.1K,
lildurk,DURKIOOO,Music,14.2M,United States,197.6K,556.7K,Art/Artists
rohitsharma45,Rohit Sharma,Sports with a ball,25M,India,276.8K,312.6K,Lifestyle
easportsfifa,EA SPORTS FIFA,Sports with a ball,27.4M,Spain,169.7K,284.8K,
hshq,Harry Styles HQ,Music,6.7M,United States,670.6K,1.2M,Cinema & Actors/actresses
andressasuita,Andressa Suita,Modeling,15.8M,Brazil,300.4K,498.4K,
clean_0828,김세정,Lifestyle,8.4M,Indonesia,756.6K,943.5K,
geneliad,Genelia Deshmukh,Cinema & Actors/actresses,10.5M,India,595.1K,737.2K,
hassan_reyvandi,hasan reyvandi حسن ریوندی,Cinema & Actors/actresses,19.8M,Iran,285.7K,395K,Humor & Fun & Happiness
hannahstocking,Hannah Stocking,Modeling,22.8M,United States,238.7K,339.3K,
yuu_taa_1026,中本悠太　YUTA,,8.6M,Indonesia,697.2K,913.2K,
nba_youngboy,PAIN REAL.🩸,Art/Artists,10.6M,United States,387.5K,749.8K,Music
miguel.g.herran,Miguel Herrán,Cinema & Actors/actresses,13.7M,Brazil,369.7K,556.3K,
anupamaparameswaran96,Anupama Parameswaran,Cinema & Actors/actresses,12.5M,India,531.8K,608.4K,
dntlrdl,CHOIWOOSHIK,Lifestyle,6.9M,Indonesia,852.4K,1.1M,
gianlucavacchi,Gianluca Vacchi,Lifestyle,22.5M,Brazil,217.9K,335.2K,
antogriezmann,Antoine Griezmann,Sports with a ball,36.6M,Spain,127.4K,205.4K,
fabriziorom,Fabrizio Romano,Literature & Journalism,11M,Italy,395.7K,684.5K,Shows
britneyspears,Channel 8,Music,42.1M,United States,130.3K,182.1K,
jheneaiko,Jhené Aiko Efuru Chilombo 🔮,Music,15.1M,United States,282K,494.6K,
alfinetei,Alfinetadas Dos Famosos 📌,Humor & Fun & Happiness,21.9M,Brazil,154.6K,347.8K,
prillylatuconsina96,Prilly Latuconsina,Cinema & Actors/actresses,49.2M,Indonesia,107.8K,151.7K,Music
kjapa,KJ Apa,Cinema & Actors/actresses,18.5M,United States,281.6K,402.2K,
juanpazurita,Juanpa Zurita,Cinema & Actors/actresses,30.5M,Mexico,171K,243.4K,
pugachevmark,Mark Pugachev,Cars & Motorbikes,15.1M,Russia,334.7K,491.7K,Luxury
layzhang,Lay Zhang,Music,14.2M,Indonesia,499K,528.9K,
maisa,+A,Music,45M,Brazil,121.2K,165.1K,
hunterschafer,Hunter,Lifestyle,7.2M,United States,633.4K,1M,Music
amandacerny,Amanda 𝕮𝖊𝖗𝖓𝖞,Humor & Fun & Happiness,23.7M,India,194K,311K,
alissaviolet,Alissa Violet,Modeling,11.8M,United States,387.5K,623.4K,
dindahw,Dinda Hauw,Cinema & Actors/actresses,14.6M,Indonesia,336.2K,503.6K,
lilyachty,C.V T,Humor & Fun & Happiness,10.4M,United States,349.6K,712.3K,Lifestyle
peytonlist,Peyton List,Cinema & Actors/actresses,20.3M,United States,238.7K,358.7K,
florencepugh,Florence Pugh,Humor & Fun & Happiness,8.1M,United States,594.7K,909.5K,Cinema & Actors/actresses
evcenf,Fahriye Evcen Özçivit,Lifestyle,13.1M,Turkey,440.9K,556.4K,Beauty
aliiiiiiiikarimi8,Ali Karimi,Sports with a ball,10M,Iran,496.4K,752.5K,
bellapoarch,Bella Poarch,Lifestyle,13.9M,United States,384.4K,520K,Music
o.dembele7,Ousmane Dembélé,Sports with a ball,11.6M,Spain,361.6K,618.6K,
jinyoung_0922jy,박진영,Music,10M,Indonesia,553.5K,732K,
nba,NBA,Sports with a ball,70.9M,United States,62.2K,100.9K,
dannapaola,Danna Paola,Music,34.8M,Mexico,141.5K,205.4K,
simonemendes,Simone Mendes,Music,35.6M,Brazil,159.6K,201.4K,
hakkiakdenizz,hakki akdeniz,Business & Careers,26.6M,Russia,183.8K,266.4K,
ksi,KSI,Music,12.1M,United Kingdom,418.4K,587.5K,
melo,LaMelo Ball,Lifestyle,9.2M,United States,383.6K,779.8K,Music
saweetie,,Cinema & Actors/actresses,13.1M,United States,232.4K,540K,
daquan,Daquan,Humor & Fun & Happiness,16.7M,United States,274.7K,423.7K,
deiveleonardo,Deive Leonardo,Literature & Journalism,12.3M,Brazil,313.4K,576.3K,Trainers & Coaches
_seorina,설인아 sᴇᴏʀɪɴᴀ,Lifestyle,6.8M,South Korea,843K,1M,Cinema & Actors/actresses
ssinz7,박신혜/Shin Hye Park,Music,13.8M,Indonesia,413.8K,508.5K,Cinema & Actors/actresses
yasmine_sabri,Yasmine Sabri,Cinema & Actors/actresses,19.6M,Egypt,256.8K,360.2K,Lifestyle
krisjenner,Kris Jenner,Shows,49.9M,United States,92.1K,140K,Beauty
marktuan,Mark Tuan,Music,13M,Indonesia,427.6K,539.6K,Cinema & Actors/actresses
rezagolzar,Mohammad Reza Golzar,Cinema & Actors/actresses,12.3M,Iran,398.6K,575.9K,
ana_d_armas,A N A   D E   A R M A S,Cinema & Actors/actresses,8.2M,United States,636.5K,861.1K,
frenchmontana,French Montana,Music,30.7M,United States,139.4K,229.8K,
shehnaazgill,Shehnaaz Gill,Cinema & Actors/actresses,12.3M,India,483K,606.5K,Music
wi__wi__wi,위하준 Wi Ha Jun,Lifestyle,10M,South Korea,568K,683.5K,Music
jennaortega,Jenna Ortega,Cinema & Actors/actresses,8.6M,United States,561.4K,799.6K,Lifestyle
jasonderulo,Jason Derulo,Music,12.8M,United States,370K,529.5K,
barbieferreira,barbie ferreira,Music,6.2M,United States,610.8K,1.1M,Cinema & Actors/actresses
yaocabrera,Yao Cabrera,Crypto,16.9M,Argentina,185.2K,402K,NFT
mclomaofficial,Paloma Santos 🐟,Music,8.8M,Brazil,451.8K,773.6K,
for_everyoung10,장원영 WONYOUNG,Lifestyle,5.9M,Indonesia,917.3K,1.2M,
frenkiedejong,Frenkie de Jong,Sports with a ball,10.8M,Spain,411.6K,618.3K,
paulwesley,Paul Wesley,Cinema & Actors/actresses,12.4M,Brazil,358.4K,535.9K,
canelo,Saul Alvarez,Fitness & Gym,13.7M,Mexico,343.9K,478.8K,
i_m_hendery,Hi👉🏻im Hendery👈🏻,,6.4M,United States,800.5K,1M,
polo.capalot,Polo.G🐐,Music,10.5M,United States,375.2K,617.1K,
iscoalarcon,Isco Alarcon Suarez,Sports with a ball,25.5M,Spain,177.1K,256.2K,
parineetichopra,𝙿𝚊𝚛𝚒𝚗𝚎𝚎𝚝𝚒 𝙲𝚑𝚘𝚙𝚛𝚊 🫧,Cinema & Actors/actresses,37.7M,India,148.6K,171.7K,
maudyayunda,Maudy Ayunda,Music,17.3M,Indonesia,251.9K,371.4K,
princessyahrini,SYAHRINI,Music,40.2M,Indonesia,122.1K,159.8K,
romeosantos,Romeo Santos,Music,19.3M,United States,273.3K,338.1K,
soohyun_k216,김수현 Kim Soo Hyun 金秀賢,,13.9M,Indonesia,378.4K,460.9K,
vanessahudgens,🔮Vanessa Hudgens🔮,Cinema & Actors/actresses,47.3M,United States,82.3K,135.2K,
marvel,Marvel Entertainment,Cinema & Actors/actresses,66.5M,United States,80.9K,96K,Comics & sketches
susana.dxoxo,Susane Damouni,,13.7M,India,298.6K,481.3K,
leonardodicaprio,Leonardo DiCaprio,Cinema & Actors/actresses,54.7M,United States,94.1K,117.5K,
pablogavi,GAVI,Sports with a ball,6.3M,Spain,701.9K,1M,
yejinhand,손예진,Cinema & Actors/actresses,7.1M,Indonesia,699.6K,910.7K,
skaijackson,S K A I,Lifestyle,8M,United States,455.1K,803K,
sadiomaneofficiel,Sadio Mane,Sports with a ball,12.3M,United Kingdom,363K,517.5K,
liverpoolfc,Liverpool Football Club,Sports with a ball,40.5M,United Kingdom,112K,156.2K,
toni.kr8s,Toni Kroos,Sports with a ball,35.5M,Germany,131.4K,178.6K,
indiancricketteam,Team India,Sports with a ball,25.8M,India,209.6K,244.4K,
yerimiese,Yeri,Lifestyle,10.7M,Indonesia,464.7K,575.6K,
mo.on_air,TAEIL,,5.1M,Indonesia,1.1M,1.2M,
joshu_acoustic,Joshua Hong,Music,5.1M,India,1M,1.2M,
xuminghao_o,The8 디에잇,Music,5.5M,Indonesia,913K,1.2M,
alok,Alok Petrillo,Music,27.9M,Brazil,172.9K,221.3K,Art/Artists
jessnolimit,Jess No Limit,Shows,7.3M,Indonesia,717.7K,859.9K,
nianaguerrero,Niana,Music,14.2M,Indonesia,342.1K,429.3K,Kids & Toys
mathildtantot,Mathilde,Lifestyle,10M,United States,401.3K,607.4K,Modeling
leaelui,Lea Elui G,Modeling,11.4M,India,320.5K,538.8K,Lifestyle
nattinatasha,NATTI NATASHA,Music,36M,Mexico,141.6K,170K,Cinema & Actors/actresses
lilpeep,lil peep,Music,7.6M,United States,477.5K,802.1K,
kyo1122,Song hyekyo,Cinema & Actors/actresses,13.4M,Indonesia,350.1K,445.8K,
vinniehacker,†,Lifestyle,5.9M,United States,495K,1M,
navidmohammadzadeh,navid mohammadzadeh,Cinema & Actors/actresses,8.6M,Iran,499.8K,705.6K,
netflix,Netflix US,Cinema & Actors/actresses,31.3M,Brazil,116.1K,190.4K,Shows
charles_leclerc,Charles Leclerc,Racing Sports,8.8M,Italy,512.5K,680.6K,
jakepaul,Jake Paul,Cinema & Actors/actresses,20.7M,United States,172.3K,288.9K,
djxiao_888,XIAOJUN,Music,7M,Indonesia,687.1K,859.4K,
cazzu,♡ 𝖓𝖊𝖓𝖆 ᴛʀᴀᴍᴘᴀ,Music,10.5M,Argentina,437.9K,561.2K,
jokowi,Joko Widodo,Finance & Economics,48.1M,Indonesia,98.8K,124.7K,
memphisdepay,Memphis Depay,Sports with a ball,15.5M,France,212.5K,376.6K,
obj,Odell Beckham Jr,Sports with a ball,16.5M,United States,185.9K,354K,
caviarmagnat,Anton Tregubov,Lifestyle,15.2M,Russia,267.8K,386.9K,
davikah,davikah,Modeling,17.1M,Thailand,260.5K,337.5K,
jailyneojeda,Jailyne Ojeda Ochoa,Modeling,14.1M,United States,297.3K,411.4K,Lifestyle
bramastavrl,Verrell Bramasta,Cinema & Actors/actresses,25.1M,Indonesia,182.9K,231.4K,Lifestyle
rafaelnadal,Rafa Nadal,Sports with a ball,16.4M,Spain,282.2K,352.9K,
rogerfederer,Roger Federer,Sports with a ball,10.2M,Spain,437.2K,566K,
dra.deolanebezerra,Deolane Bezerra ⚖️,Beauty,15.2M,Brazil,178.7K,384K,Lifestyle
phil.coutinho,Philippe Coutinho,Sports with a ball,24.9M,Brazil,141.7K,230.3K,
jensenackles,Jensen Ackles,Cinema & Actors/actresses,10M,United States,451.7K,586.9K,
gisele,Gisele Bündchen,Modeling,19.8M,Brazil,196.9K,292.6K,Fashion
dababy,BILLION DOLLAR BABY 👶🏾,Music,21.3M,United States,166.7K,271.1K,
d_degeaofficial,David De Gea,Sports with a ball,13.8M,United Kingdom,293.1K,414.8K,
d_a___m_i,KIM DA MI,,4.6M,Indonesia,1M,1.2M,
reesewitherspoon,Reese Witherspoon,Cinema & Actors/actresses,28.4M,United States,168.1K,201.4K,
imouniroy,mon,Cinema & Actors/actresses,24.6M,India,190K,231.1K,
mariabecerra,Maria Becerra,Music,10.5M,Argentina,229K,541.2K,
charlieputh,Charlie Puth,Music,16.7M,United States,238.6K,339.2K,
netflixbrasil,Netflix Brasil,Shows,32.8M,Brazil,101K,172.4K,Cinema & Actors/actresses
vickykaushal09,Vicky Kaushal,Lifestyle,14.2M,India,337.7K,396.3K,Cinema & Actors/actresses
amauryguichon,Amaury Guichon,Food & Cooking,9.7M,United States,484.6K,590.4K,
rachel_mypark,박민영 Minyoung Park,Cinema & Actors/actresses,10.3M,Indonesia,437.3K,544.7K,
sportscenter,SportsCenter,Sports with a ball,31.8M,United States,98.4K,176.6K,Shows
srinidhi_shetty,Srinidhi Shetty 🌸,Beauty,4.5M,India,941.2K,1.3M,Cinema & Actors/actresses
gusttavolima,🏛 Gusttavo Lima 🏛,Music,44.1M,Brazil,77.3K,128.6K,
yangyang_x2,YangYang 양양,Music,6.5M,Indonesia,688K,873.8K,
golfarahani,Golshifteh Farahani,Cinema & Actors/actresses,13.8M,Iran,314.8K,405.8K,
goar_avetisyan,Goar Avetisyan,Beauty,11.6M,Russia,345K,477.8K,
earthpix,🌎  EarthPix  🌎,Nature & landscapes,23.3M,United States,183.6K,238.2K,Photography
jungkook_bighitentertainment,JUNGKOOK (전정국) Updates,Management & Marketing,9.3M,Brazil,531.7K,603.3K,Music
lilnasx,MONTERO,Music,12.4M,United States,264.9K,443.3K,
tiffanyyoungofficial,tiffany young,Modeling,12.9M,Indonesia,340.4K,425.8K,Fashion
kit.connor,Kit Connor,Cinema & Actors/actresses,4.5M,United States,739.5K,1.2M,Humor & Fun & Happiness
sound_of_coups,COUPS,,4.5M,Indonesia,955.9K,1.2M,
nickjonas,Nick Jonas,Music,33.2M,United States,115K,163.5K,Art/Artists
pozevidalouca,Poze Do Rodo 🤑,Lifestyle,8.3M,Brazil,259.9K,652.8K,
__youngbae__,TAEYANG,Music,13.8M,Indonesia,340.2K,384.3K,
nazriyafahadh,Nazriya Nazim Fahadh,Lifestyle,6.5M,India,616.2K,825.3K,Cinema & Actors/actresses
kingbach,King Bach,Music,23.1M,United States,114.4K,229.3K,Art/Artists
channingtatum,Channing Tatum,Cinema & Actors/actresses,17M,United States,215K,309.9K,
lexibrookerivera,Lexi Rivera,Shows,8.5M,United States,514.8K,643.9K,Humor & Fun & Happiness
klaythompson,Klay Thompson,Sports with a ball,13.5M,United States,267.9K,389.4K,Lifestyle
angelinajolie,Angelina Jolie,,13.6M,Brazil,234.1K,388.6K,
k.kbeom,김범 kimbum,,5.5M,Indonesia,796.3K,973.9K,
loud_victor,Victor Augusto,Lifestyle,10.7M,Brazil,380.7K,485K,Sports with a ball
araujovivianne,Viviane Araujo,Cinema & Actors/actresses,13.8M,Brazil,289.9K,380.9K,
urstrulymahesh,Mahesh Babu,Cinema & Actors/actresses,8.8M,India,538.5K,592.8K,
barackobama,Barack Obama,Finance & Economics,35.4M,United States,125.9K,149.3K,Business & Careers
larissamanoela,Larissa Manoela,Cinema & Actors/actresses,47.1M,Brazil,65.8K,109.2K,
centralcee,📲,Lifestyle,4.7M,United Kingdom,449.5K,1.1M,Music
araikgalstyanmoscowschool,ＡＲＡＩＫ  ＧＡＬＳＴＹＡＮ®️🇦🇲,Beauty,17.1M,Turkey,232.2K,300.1K,
mirella,BAD MI ⚡️ MIRELLA,Music,26.9M,Brazil,90.4K,190.6K,
julesleblanc,julianna,Music,9.8M,United States,364.7K,527.6K,Shows
lucasranngel,LUCAS RANGEL,Lifestyle,20.1M,Brazil,115.1K,254.8K,
7_luhan_m,鹿 Han,Music,12.7M,Indonesia,332.8K,404.2K,
aboflah,AboFlah,Humor & Fun & Happiness,7.4M,Iraq,593.3K,708.4K,
gururandhawa,Guru Randhawa,Music,33M,India,126.3K,155.2K,
superstar_dewasi99,SUPERSTARDEWASI 99,Music,13.5M,India,238.6K,376.9K,Cinema & Actors/actresses
cvillaloboss,CARMEN VILLALOBOS,Shows,20.6M,Colombia,197.7K,243.5K,Cinema & Actors/actresses
faz3,Fazza,Lifestyle,14.7M,United Arab Emirates,263.8K,345.4K,
markiplier,Markiplier,Shows,10.6M,United States,411.9K,469.2K,
dylansprouse,Dylan Sprouse,Cinema & Actors/actresses,9.1M,United States,353.3K,554.7K,
melissamelmaia,MEL MAIA 🍯,Music,13.5M,Brazil,204.4K,370.2K,
theellenshow,Ellen DeGeneres,Shows,124.4M,United States,33.4K,40.2K,Cinema & Actors/actresses
fuji_an,Fujianti Utami Putri,Lifestyle,11.8M,Indonesia,177.3K,421.8K,
avrillavigne,Avril Lavigne,Music,11.7M,Brazil,341.7K,425.4K,Cinema & Actors/actresses
sav.labrant,Savannah Rose LaBrant,Family,7.2M,United States,521.9K,697.8K,Lifestyle
donya,Donya,Lifestyle,15.3M,Iran,215.6K,341.3K,
avengers,Avengers,Cinema & Actors/actresses,13.6M,India,289.2K,362K,
briandadeyanara,BRIANDA 💖,Lifestyle,13.5M,Mexico,309K,362.8K,
shaymitchell,Shay Mitchell,Beauty,34.4M,United States,100.2K,140.5K,Family
gabigol,( Lil ) Gabi,Sports with a ball,10.2M,Brazil,316.1K,478.8K,
camilo,C A M I L O,Music,27.6M,Argentina,109.9K,174.2K,
ncentineo,Noah,Cinema & Actors/actresses,16.4M,Brazil,174.1K,289.4K,
chloegmoretz,Chloë Grace Moretz,Cinema & Actors/actresses,21.5M,United States,164.9K,220.6K,
agnezmo,AGNEZ MO,Music,29.2M,Indonesia,97.6K,162.2K,
39saku_chan,Sakura Miyawaki,Lifestyle,4.3M,Indonesia,894.8K,1.1M,Cinema & Actors/actresses
dqsalmaan,Dulquer Salmaan,Cinema & Actors/actresses,11.3M,India,308.2K,416.9K,
nusr_et,Nusr_et#Saltbae,Food & Cooking,48M,Turkey,67.2K,99.1K,
f1,FORMULA 1®,Racing Sports,20.9M,Italy,178.1K,225.1K,
juansguarnizo,Juan Sebastián Guarnizo,Lifestyle,6.3M,Mexico,685.6K,750.8K,
victoriajustice,Victoria Justice,Music,23M,United States,149.8K,205K,Cinema & Actors/actresses
apple,apple,Computers & Gadgets,28.4M,India,122K,164.4K,Photography
dejesusoficial,Gabriel Jesus,Sports with a ball,18.7M,Brazil,161.2K,249.5K,
thehughjackman,Hugh Jackman,Cinema & Actors/actresses,30.5M,United States,134.9K,153.4K,
otabek_muhammadalievich,Otabek Umarov,,20.2M,Russia,171.8K,231.1K,
beautifuldestinations,BEAUTIFUL DESTINATIONS,Photography,24.7M,United States,139.6K,187.1K,Travel
natashawilona12,Natasha Wilona,Beauty,39.4M,Indonesia,98.3K,117.2K,
jackharlow,,Lifestyle,6.9M,United States,362.4K,676.9K,Humor & Fun & Happiness
anjimaxuofficially,Anjali Arora,Lifestyle,11.9M,India,302.8K,387.5K,Cinema & Actors/actresses
kaylanicolejones,,Family,7.4M,United States,295.9K,626.8K,Beauty
simaria,Simaria,Music,28.3M,Brazil,111.6K,162.3K,
kun11xd,KUN,Lifestyle,6.9M,Indonesia,536.1K,669.1K,Music
quackity,quackity,,4.1M,United States,925.1K,1.1M,
ludmilla,LUDMILLA,Music,27.9M,Brazil,110.3K,164.6K,
yooncy1,윤찬영 Chan-young Yoon,Lifestyle,4.8M,South Korea,788.8K,949.1K,
everyone_woo,Wonwoo,Music,3.6M,Indonesia,999.6K,1.3M,
itsmarziapie,Marzia Kjellberg,Beauty,8.3M,United States,450.7K,550.7K,Lifestyle
egupta,Esha Gupta,Lifestyle,11.7M,India,309.5K,387.5K,Cinema & Actors/actresses
antony00,Antony Santos,Sports with a ball,4.8M,Brazil,519.7K,960.1K,
nickyjam,NICKY JAM,Music,43.4M,Spain,75.4K,104.4K,
danialves,Daniel Alves,Sports with a ball,37.3M,Brazil,77.8K,120.7K,
nessabarrett,ness,Lifestyle,7.3M,United States,461.8K,625.9K,Music
sushitrash,JOJI,Music,6.5M,United States,572.6K,700.6K,
sugaringcandy,JUNGWOO,,3.5M,South Korea,1.1M,1.3M,
parishilton,Paris Hilton,Modeling,20.3M,United States,133K,219.7K,
lakers,Los Angeles Lakers,Sports with a ball,20.3M,United States,142.2K,217.8K,
matue,,Lifestyle,8.3M,Brazil,297.6K,546.6K,Sports with a ball
chelseafc,Chelsea FC,Sports with a ball,35.8M,Indonesia,82.5K,123.3K,
bernardokath,Kathryn Bernardo 🐘,Beauty,17.4M,Philippines,208.7K,251.5K,Cinema & Actors/actresses
rizkybillar,Muhammad Rizky Billar,Shows,12.9M,Indonesia,265.4K,342.6K,Beauty
aurelie.hermansyah,Aurelie Hermansyah Atta,Beauty,27.3M,Indonesia,126.9K,160.6K,
elmarianaa,El Mariana,,4.7M,Mexico,833.1K,946.3K,
fuckjerry,FUCKJERRY,Humor & Fun & Happiness,16.7M,United States,203.4K,263.9K,
alexadellanos,Alexa Dellanos,Lifestyle,10M,United States,283.5K,443.5K,
saharghoreyshiofficialpage,سحر قريشى Sahar Ghoreyshi,,11.7M,Iran,258.1K,378K,
ozuna,@ozutochi 🔜,Music,22.5M,Spain,143.1K,192K,
jeonghaniyoo_n,윤정한,Lifestyle,3.7M,Iran,939.9K,1.2M,
salmahayek,Salma Hayek Pinault,Cinema & Actors/actresses,21.8M,United States,161.4K,199.5K,
leejen_o_423,LEE JENO,,2.2M,,0,2.3M,
pledis_boos,승관 SEUNGKWAN,Music,4.6M,Indonesia,780.8K,947.8K,
naileadevora,nai,Lifestyle,5.3M,United States,557.5K,823.8K,Music
ederbez,Eugenio Derbez,Cinema & Actors/actresses,18.7M,Mexico,204.7K,229.9K,Lifestyle
choquei,CHOQUEI,Literature & Journalism,17.6M,Brazil,79.1K,245.6K,
_shotaroo_,SHOTARO ショウタロウ,Lifestyle,5.6M,Indonesia,602.2K,780K,Music
vousmevoyez,KRYSTAL,Music,10.4M,Indonesia,318.3K,412.9K,Cinema & Actors/actresses
emiliamernes,Emilia Mernes,Music,6.2M,Argentina,370.5K,697.1K,
sebastianyatra,Sebastian Yatra,Music,29.9M,Argentina,102.9K,143.7K,Art/Artists
pedri,Pedri González,Sports with a ball,7.3M,Spain,0,586.8K,
karelyruiz,Karely Ruiz,Lifestyle,7.1M,Mexico,482.7K,605.7K,
fortnite,Fortnite,Gaming,25.6M,United States,139.5K,164.6K,Computers & Gadgets
memezar,MEMEZAR • Comedy and Culture,Cinema & Actors/actresses,22.9M,United States,123K,183.2K,
theshilpashetty,Shilpa Shetty Kundra,Cinema & Actors/actresses,26.6M,India,136K,158K,
quavohuncho,QuavoHuncho,Music,21.7M,United States,117.2K,192.5K,
gessicakayane,GKAY,Shows,20.1M,Brazil,101.7K,211.8K,Humor & Fun & Happiness
yugyeom,KYUM,Music,11.5M,Brazil,297.8K,357.5K,Art/Artists
catherinemcbroom,Catherine Paiz,Family,7.3M,United States,331.5K,569.7K,
shreyaghoshal,shreyaghoshal,Music,24.8M,India,147.6K,165K,
annakendrick47,Anna Kendrick,Cinema & Actors/actresses,22.2M,United States,140.9K,184.5K,
iqbaal.e,Piko - The Forger,Cinema & Actors/actresses,13.7M,Indonesia,172.3K,295.5K,
machinegunkelly,the Blonde Don,Music,9.7M,United States,265.3K,426.6K,
nikkietutorials,NikkieTutorials,Beauty,16.6M,United States,179.9K,244.7K,
francinyehlke,Franciny Ehlke,Beauty,15.6M,Brazil,118.4K,258.9K,
yihyun_1208,조이현 cho yihyun,Lifestyle,5.2M,South Korea,620.4K,785.2K,
dbook,Devin,Lifestyle,5.4M,United States,383.7K,754.4K,Sports with a ball
adinross,,,3.6M,United States,630.4K,1.3M,
sivakarthikeyan,Sivakarthikeyan Doss,,5.3M,India,650.7K,766.4K,
tiagopzk,GOTTI A,Music,5.5M,Argentina,319.9K,730.5K,
soueunavida,Sou Eu Na Vida,Humor & Fun & Happiness,18.1M,Brazil,116.5K,221.1K,
felipeneto,Felipe Neto 🦉,Lifestyle,16.3M,Brazil,173.2K,244.7K,
simonettalein,Simonetta Lein,Beauty,13M,India,221.1K,304.6K,Cinema & Actors/actresses
raashiikhanna,Raashii Khanna,Cinema & Actors/actresses,8.7M,India,387.4K,461.7K,Music
dkharbour,David Harbour,Cinema & Actors/actresses,9.8M,United States,310.8K,407K,
angeldimariajm,Ángel Di María,Sports with a ball,18.5M,Argentina,144.1K,212.5K,
nehasharmaofficial,Neha Sharma 💫,Cinema & Actors/actresses,14.8M,India,229.6K,263.8K,
fedevalverde,Fede Valverde,Sports with a ball,6.8M,Spain,408.2K,579.4K,
tannerbuchananofficial,Tanner Buchanan Official,Cinema & Actors/actresses,4.1M,United States,595.7K,965.4K,
hadise,Hadise,Music,13.9M,Turkey,239.7K,279.5K,Shows
smriti_mandhana,Smriti Mandhana,Sports with a ball,6.5M,India,521.7K,604.4K,
kingarturo23oficial,Arturo Vidal,Sports with a ball,18.6M,Italy,129.6K,209.1K,
urassayas,Urassaya Sperbund,Cinema & Actors/actresses,12M,Thailand,264.4K,321.9K,Modeling
kenzie,kenzie ♡,Art/Artists,14.8M,United States,171.5K,260.9K,
mattyperry4,Matthew Perry,Cinema & Actors/actresses,7.8M,Brazil,369.2K,503.8K,
ozgecangurelofficial,Özge Gürel,Cinema & Actors/actresses,5.8M,Turkey,553.2K,679.9K,
ho5hi_kwon,HOSHI,Lifestyle,3.8M,Indonesia,785.4K,1M,
ferrari,Ferrari,Luxury,23.1M,United States,126.8K,166.5K,Cars & Motorbikes
malutrevejo,Malú 🦋 222🎤,Music,11.5M,United States,185.9K,333.5K,
sonu_sood,Sonu Sood,Cinema & Actors/actresses,17.6M,India,191.1K,218.5K,
achrafhakimi,Achraf Hakimi,Sports with a ball,10.2M,Morocco,256.4K,376.7K,
lamborghini,Lamborghini,Luxury,32.1M,India,86.2K,118.8K,Cars & Motorbikes
djsnake,djsnake,Music,9.8M,India,334.1K,396.6K,
sooyoungchoi,Sooyoung Choi,Beauty,7.4M,Indonesia,429.9K,518.8K,Lifestyle
rupertgrint,Rupert Grint,Cinema & Actors/actresses,4.6M,Brazil,590.1K,837.3K,Music
romanreigns,Joe Anoai aka “Roman Reigns”,Lifestyle,6.6M,India,449.1K,583.1K,
saipallavi.senthamarai,Sai Pallavi,Cinema & Actors/actresses,6.2M,India,537.1K,615.8K,
amybethmcnulty,Amybeth,Lifestyle,7.8M,Brazil,354.8K,487.4K,Cinema & Actors/actresses
davidalaba,David Alaba,Sports with a ball,10.7M,Spain,247.5K,350.3K,
drewstarkey,Drew Starkey,Cinema & Actors/actresses,3.1M,United States,623.6K,1.2M,
pokimanelol,pokimane 🤍,Lifestyle,6.2M,United States,468.5K,617K,Shows
residente,René Pérez Joglar,Art/Artists,8.9M,Colombia,281.2K,436.1K,Music
virgilvandijk,Virgil van Dijk,Sports with a ball,12.6M,United Kingdom,209.5K,296.9K,
geewonii,김지원,,7.8M,Indonesia,370.5K,487.8K,
youngdae0302,김영대,Music,4.5M,Indonesia,630.6K,832.5K,
sanchooo10,Jadon Sancho,Sports with a ball,8.9M,United Kingdom,242.5K,423.8K,
candiceking,Candice King,Family,10.1M,Brazil,264K,367.9K,Lifestyle
playstation,PlayStation,Gaming,28.9M,United States,104.9K,128.3K,Computers & Gadgets
phoebejtonkin,Phoebe Tonkin,Beauty,8.4M,United States,312.2K,445.6K,Cinema & Actors/actresses
kareenakapoorkhan,Kareena Kapoor Khan,Family,9.6M,India,311.3K,388.5K,Cinema & Actors/actresses
eilirjani,Elton ILIRJANI,Adult content,10.6M,Albania,241.6K,349K,
fcbayern,FC Bayern,Sports with a ball,34.2M,Germany,73.3K,107.5K,
bleacherreport,Bleacher Report,Sports with a ball,19.6M,United States,95.4K,188.4K,
nita_shilimkar,Nita Shilimkar,Lifestyle,11.5M,India,240.5K,318K,Fashion
euphoria,euphoria,Photography,7.8M,United States,295.1K,476.3K,Cinema & Actors/actresses
theslumpgod,Stokeley,Music,5.4M,United States,399K,694.5K,
sincerooficial,Sincero Oficial,Humor & Fun & Happiness,21.7M,Brazil,87.1K,168.6K,
elliotpage,,Cinema & Actors/actresses,6.2M,United States,416K,599K,
marcusrashford,Marcus Rashford MBE,Sports with a ball,12.8M,United Kingdom,179.9K,284.7K,
alvxaro,ALVARO,Lifestyle,9.9M,Brazil,149.9K,374.9K,
andreavaldirisos,ANDREA VALDIRI 🇨🇴,Lifestyle,8.7M,Colombia,299.8K,426.6K,Beauty
vanessalopesr_,Vanessa Lopes,Lifestyle,12.4M,Brazil,89.8K,292.6K,Music
myketowers,MICHAEL,Music,9.5M,Spain,216.2K,390.1K,
grantgust,Grant Gustin,Cinema & Actors/actresses,7.8M,Brazil,334.2K,473.6K,Fashion
lacasadepapel,La Casa de Papel,Cinema & Actors/actresses,12.4M,Brazil,193.8K,291.1K,Shows
5.min.crafts,5-Minute Crafts,DIY & Design,46.2M,Brazil,56.3K,78.4K,
demirose,Demi 🌹,Modeling,19.9M,United States,140.5K,183.1K,Lifestyle
oprah,Oprah,Art/Artists,21.5M,United States,144.9K,171.3K,Cinema & Actors/actresses
aliandooo,Aliando Syarief,Music,17.1M,Indonesia,136.4K,217.4K,Cinema & Actors/actresses
dylanminnette,Dylan Minnette,Music,7.3M,United States,307.2K,499.5K,Cinema & Actors/actresses
adidasfootball,adidas Football,Sports with a ball,31.7M,Brazil,82.9K,113.1K,
choi_seung_hyun_tttop,TOP,,14.6M,Indonesia,208.3K,246.4K,
porsche,Porsche,Cars & Motorbikes,26.8M,United States,104.3K,133.3K,
asabopp,Asa Butterfield,Cinema & Actors/actresses,5.7M,Brazil,433.9K,634.5K,
bumkeyk,SHINee KEY,Music,9.4M,Indonesia,323K,387K,
irinashayk,irina shayk,Modeling,19.7M,Russia,130.5K,180.7K,
irinashayk,irina shayk,Modeling,19.7M,Russia,130.5K,180.7K,
amitabhbachchan,Amitabh Bachchan,Cinema & Actors/actresses,31.2M,India,98.9K,114.4K,
angeliqueboyer,Angelique Boyer,Shows,14.3M,Brazil,198.4K,249.1K,Cinema & Actors/actresses
onwardwanna,"Javon ""Wanna"" Walton",Lifestyle,6M,United States,358.3K,597.9K,Cinema & Actors/actresses
bigsean,BIGSEAN,Music,15.4M,United States,126K,229.8K,Art/Artists
willevy,William  Levy / Actor Producer,Shows,10.9M,Brazil,243.7K,328.2K,Cinema & Actors/actresses
jamorant,12 🥷🏽🖤,Winter sports,7.7M,United States,286.6K,463.1K,Sports with a ball
_schwim_,David Schwimmer,Cinema & Actors/actresses,6.8M,India,352.3K,527.3K,
filiperet,Retchê,Lifestyle,7.8M,Brazil,181K,463.5K,Photography
subo_m,Subhan Mamedov,Shows,10.4M,Russia,278.3K,340.1K,
brfootball,Bleacher Report Football,Sports with a ball,12.6M,United States,172.1K,278.1K,
narins_beauty,••Narins Beauty••,Lifestyle,9.3M,Syria,318.9K,391.9K,
nikefootball,Nike Football (Soccer),Sports with a ball,45.4M,Brazil,50.2K,77.5K,Clothing & Outfits
eduincaz,Eduin Caz,Lifestyle,7.4M,Mexico,373.3K,477.4K,
maneskinofficial,Måneskin,Modeling,6.3M,Italy,398.2K,562K,Music
ayushmannk,Ayushmann Khurrana,Cinema & Actors/actresses,16.7M,India,172.4K,208.1K,
perspolis,Persepolis,Sports with a ball,8.3M,Iran,300.8K,428.2K,
hichasestokes,,Humor & Fun & Happiness,7.3M,United States,318.3K,476.9K,Lifestyle
darshanravaldz,Darshan Raval #DholBajaa,Music,15.4M,India,188K,226.8K,
paulwalker,Paul Walker,Cinema & Actors/actresses,15.2M,India,165.9K,227.3K,
aleoliveiracm,Alê Oliveira,Humor & Fun & Happiness,8.5M,Brazil,169.5K,433.6K,
realhinakhan,HK,Cinema & Actors/actresses,17.4M,India,161.8K,199.1K,
karljacobs,Karl Jacobs,,4.3M,United States,622K,810K,
jxxvvxxk,이재욱,,4M,Indonesia,703.6K,884.6K,
pooorblack,Pooorblack,,5M,Iran,548.9K,710.4K,
staceysolomon,Stacey Solomon,Family,5.4M,United Kingdom,536.7K,646.4K,
amadorat,N I C O L E   A M A D O 🐉,Fashion,8.3M,Mexico,372.1K,415.8K,Lifestyle
21savage,,Music,13.6M,United States,143K,251.3K,
adrianalima,Adriana Lima,Modeling,15M,United States,155.3K,228.4K,Fashion
yuvisofficial,Yuvraj Singh,Sports with a ball,15.1M,India,189K,225.4K,
dew_jsu,2000,Beauty,6.4M,Indonesia,399.9K,537.8K,Lifestyle
jaspritb1,jasprit bumrah,Lifestyle,9.9M,India,302.2K,347.3K,Sports with a ball
wos.ds3,Valentín Oliva,Music,6.6M,Argentina,342.7K,524.3K,
ansufati,Ansu Fati,Sports with a ball,9.1M,Spain,250.2K,379.4K,Winter sports
troyesivan,troye sivan,Art/Artists,13.5M,United States,175K,251.3K,Fashion
haifawehbe,Haifa Wehbe,Music,10.7M,Iraq,217.9K,318.7K,
burcuozberk,Burcu Özberk,Cinema & Actors/actresses,9.3M,Turkey,286.1K,370.5K,
danielricciardo,Daniel Ricciardo,Racing Sports,7.4M,United States,355K,461K,
alishalehmann7,Alisha Lehmann,Sports with a ball,8.2M,Brazil,220.2K,415.7K,
vivi,Vivi Wanderley,Beauty,13.9M,Brazil,147.1K,242K,Lifestyle
realcoleworld,Cole World,Music,7.8M,United States,231.5K,439.9K,Art/Artists
nicholasgalitzine,Nicholas Galitzine,Cinema & Actors/actresses,4.3M,Brazil,480K,795K,
wanda_nara,Wanda nara,Lifestyle,14.7M,Argentina,161.4K,228.5K,
umutisler,Umut İşler,Food & Cooking,11M,India,188K,302.2K,
diljitdosanjh,DILJIT DOSANJH,Cinema & Actors/actresses,14M,India,197.7K,238.2K,
mchariel,MC Hariel,Music,9.3M,Brazil,182.4K,363.5K,
valentinazenere,Valentina Zenere,Modeling,10.2M,Brazil,269K,327.6K,Lifestyle
imcryansp,TUBARAO GIGANTE 🦈,Lifestyle,5M,Brazil,285.6K,679.8K,
richarlison,Richarlison,Sports with a ball,6.2M,Brazil,286.8K,539.1K,Lifestyle
yefersoncossio,Yef,Lifestyle,9.8M,Colombia,234.5K,342K,
dk_is_dokyeom,도겸,Lifestyle,3.6M,Iran,770.1K,927.4K,Music
pefabiodemelo,Fábio de Melo,Lifestyle,25.8M,Brazil,85.7K,129.3K,
rishabpant,Rishabh Pant,Lifestyle,7M,India,404.1K,480.2K,Sports with a ball
litkillah,MAWZ💬,Music,8.1M,Argentina,311.1K,409.9K,
emmaroberts,Emma Roberts,Cinema & Actors/actresses,18.4M,United States,121K,178.7K,
kittychicha,🖤KITTY CHICHA🐱,Music,4.3M,Philippines,637.6K,773.1K,
madonna,Madonna,Music,18.5M,Italy,120.7K,180.1K,
adamsandler,Adam Sandler,Cinema & Actors/actresses,13.6M,United States,189K,240.7K,
miketyson,Mike Tyson,Fitness & Gym,19.4M,United States,131.2K,168.9K,
sandrinna_11,Drinna 🖤,Lifestyle,10.7M,Indonesia,237.3K,302.7K,
spacex,SpaceX,Science,16.1M,United States,166.5K,202.5K,Machinery & Technologies
davidluiz23,David Luiz,Sports with a ball,22.4M,Brazil,66.2K,145.6K,
ivan_buhaje,spreen,,3.1M,Argentina,843.6K,1M,
jackblack,Jack Black,Cinema & Actors/actresses,8.9M,United States,282K,368.2K,
yasminabdelaziz_,Yasmin Abdelaziz,Cinema & Actors/actresses,16.2M,Egypt,170K,201K,
tohi,𝐓𝐎𝐇𝐈,Lifestyle,12.2M,Iran,190.6K,282K,Music
schwarzenegger,Arnold Schwarzenegger,Cinema & Actors/actresses,22.6M,United States,121.8K,143.1K,Fitness & Gym
ms_puiyi,Siew Pui Yi 🤍,Adult content,19.6M,United States,128.5K,164.6K,
moneybaggyo,Certified Speaker💜,Lifestyle,8.4M,United States,163K,389.2K,NFT
deolaneb_,DEOLANE BEZERRA ⚖️,,6.3M,Brazil,206.1K,512.5K,
madisonbaileybabe,Maddie Baby,Lifestyle,6.6M,United States,259.5K,485.9K,Cinema & Actors/actresses
neeraj____chopra,Neeraj Chopra,Shows,6.2M,India,389.2K,510.1K,Winter sports
mrunalthakur,Mrunal Thakur,Beauty,6.4M,India,352.6K,491.3K,Cinema & Actors/actresses
lacikaysomers,Laci Kay Somers,Music,12.2M,United States,152.3K,260.4K,Modeling
jaybnow.hr,LIM JAE BEOM,Music,6.9M,United States,347.9K,456.6K,
yamigautam,Yami Gautam Dhar,Cinema & Actors/actresses,16.5M,India,162.1K,188.1K,
gioewbank,Giovanna Ewbank,Cinema & Actors/actresses,29.4M,Brazil,66.2K,105.7K,Modeling
avani,avani,Beauty,18.7M,United States,123K,165.3K,Lifestyle
roddyricch,,Music,7M,United States,234.8K,450.7K,
mauroicardi,𝕄𝔸𝕌ℝ𝕆 𝕀ℂ𝔸ℝ𝔻𝕀,Sports with a ball,8.2M,Italy,236.8K,379.3K,
jenniferwinget1,Jennifer Winget,Cinema & Actors/actresses,13.6M,India,187.8K,228.4K,
sarahhyland,Sarah Hyland,Cinema & Actors/actresses,10M,United States,250.7K,313.4K,Lifestyle
wayvofficial,WayV,Music,7.5M,Indonesia,351.8K,418.9K,
meekmill,Meek Mill,Music,22.7M,United States,71.5K,137.6K,
nodal,Christian Nodal 🇲🇽 🌵💚,Music,9.4M,Mexico,229.1K,336.8K,
indiaroyale,India Royale,,4.6M,United States,233.3K,691.7K,
chrissyteigen,chrissy teigen,Shows,39.3M,United States,59.8K,78K,Modeling
kyrieirving,Hélà,Sports with a ball,17.3M,United States,117.2K,177K,
ahmedabohashima,Ahmed Abouhashima,Business & Careers,17.3M,Egypt,130.3K,175.9K,Finance & Economics
l7nnon,L7,Lifestyle,8.9M,Brazil,146.4K,347.6K,Art/Artists
fadiljaidi,Fadil Jaidi,Lifestyle,8M,Indonesia,257.8K,387.3K,
jessicajane99,Jessica Jane,Shows,5.9M,Indonesia,392.8K,517.8K,Modeling
giannis_an34,Giannis Ugo Antetokounmpo,Sports with a ball,13.5M,United States,142.5K,225.5K,
egorkreed,Егор Крид | #HeartBreakKid,Music,14.7M,Russia,168.6K,206.7K,
joerogan,Joe Rogan,Humor & Fun & Happiness,15.7M,United States,139.8K,195K,Cinema & Actors/actresses
nancyajram,Nancy Ajram,Music,33.2M,Iraq,72K,92.1K,
woozi_universefactory,WOOZI,,4.1M,Indonesia,635.8K,756.5K,
enriqueiglesias,Enrique Iglesias,Music,17.1M,India,125.9K,177.8K,Art/Artists
cocielo,Júlio Cocielo Estaniecki,Cinema & Actors/actresses,19.3M,Brazil,99.4K,155.6K,
junhui_moon,JUN 文俊辉,Lifestyle,3M,Indonesia,836.8K,1M,Music
vernonline,Vernon 버논,,4.7M,Japan,490.2K,648.6K,
miamalkova,Mia Malkova,Cinema & Actors/actresses,11.1M,India,200.1K,271.2K,
rafakalimann,Rafa Kalimann,Modeling,23.1M,Brazil,75.1K,134.9K,
yailinlamasviralreal,Yailin la Mas Viral ♋️🧿,Lifestyle,5.7M,United States,382.1K,547.7K,
warriors,Golden State Warriors,Lifestyle,25.6M,United States,83.9K,116.3K,Sports with a ball
supercarblondie,Alex - that girl with the Cars,Cars & Motorbikes,10.9M,India,173.4K,274.8K,
hm_son7,Son HeungMin(손흥민)🇰🇷,Sports with a ball,7.7M,Brazil,241.9K,393.5K,
tarkan,Tarkan,Music,6M,Turkey,449.7K,509.4K,
thiagosilva,Thiago Silva,Sports with a ball,19.8M,Brazil,88.6K,149.2K,
dhanushkraja,Dhanush,Cinema & Actors/actresses,5M,India,465.6K,602.5K,
chaelincl,CL,Art/Artists,10.3M,Brazil,215K,284.4K,Fashion
willyrex,Willyrex,Shows,8.8M,Spain,285.7K,338.7K,
harshasai_,Harsha sai,Shows,3.2M,India,820.9K,935.2K,
anastasiya_kvitko,AK,Lifestyle,12.4M,United States,192.8K,235.9K,Modeling
marimaria,Mari Maria,Beauty,20.2M,Brazil,74.9K,144.1K,
yg_treasure_official,TREASURE (트레저),Music,5.7M,Indonesia,409.2K,523K,
jaydacheaves,JAYDA,Clothing & Outfits,7.7M,United States,129.2K,383.1K,
trueno,TR1 ⛈,Music,6.9M,Argentina,275.5K,428.8K,
courteneycoxofficial,Courteney Cox,Cinema & Actors/actresses,12.2M,India,180K,237.9K,
jennifer.garner,Jennifer Garner,Cinema & Actors/actresses,13.6M,United States,187.7K,213.1K,
sophiedee,Sophie Dee,Adult content,12.4M,United States,176.3K,234.9K,
kaliuchis,,Music,4M,United States,419K,723.4K,
violets.tv,Violet Summers,Adult content,13.8M,Italy,153.9K,211.1K,
juliopfernandez,J U L I O   P E Ñ A   F. D E Z,Art/Artists,3.4M,Brazil,667.7K,848.6K,
lilpump,Lil Pump,Music,14.9M,United States,121.9K,190.8K,
lizzobeeating,Lizzo,Music,13M,United States,157.2K,220.2K,Lifestyle
jordynwoods,HEIR JORDYN,Modeling,12.6M,United States,118.4K,224.3K,Lifestyle
armaanmalik,ARMAAN MALIK 🧿,Music,13.2M,India,186.6K,216.1K,
shaq,DR. SHAQUILLE O'NEAL Ed.D.,Humor & Fun & Happiness,26.9M,United States,80.7K,105.9K,Sports with a ball
tarajiphenson,taraji p henson,Music,19.8M,United States,103.3K,144.6K,Cinema & Actors/actresses
shxxbi131,B.I,Lifestyle,4.1M,Indonesia,605.1K,708.7K,
espn,ESPN,Sports with a ball,23.8M,United States,65.6K,119.3K,
riteishd,Riteish Deshmukh,Art/Artists,15.5M,India,155.9K,182.1K,Cinema & Actors/actresses
theroyalfamily,The Royal Family,Family,13M,Italy,176.4K,217.6K,Shows
klarafgcastanho,Klåra Cåstanho,Cinema & Actors/actresses,7.4M,Brazil,200.1K,388.1K,
mohamedramadanws,Mohamed Ramadan,Music,20.5M,Egypt,100.8K,139.2K,
valeyellow46,Valentino Rossi,Racing Sports,14.1M,Indonesia,152.3K,198.9K,
sthefanematos,STHE ⚓️,Lifestyle,10M,Brazil,124.7K,289.5K,
kashikakapoor09,Kashika Kapoor,Beauty,9.9M,Indonesia,266.7K,285.3K,Lifestyle
lance210,Lance Stewart,Cinema & Actors/actresses,6.6M,United States,259.8K,431.1K,Humor & Fun & Happiness
chieffkeeffsossa,Chief Keef,Music,7.8M,United States,197.1K,364.6K,
alexis_officia1,Sanchez Alexis,Sports with a ball,14.6M,Chile,117.3K,193.6K,
anyageraldine,anya geraldine,Music,11.2M,Indonesia,147.8K,247.3K,
flay,FLAY 🎙,Lifestyle,7.7M,Brazil,177K,369.5K,Music
sofia9__official,SOFIA ANSARI,Lifestyle,9.1M,India,225.5K,314K,Cinema & Actors/actresses
jenna_chew,JENNA 周甄娜,Fitness & Gym,8.2M,United States,279.8K,341.8K,
arishfakhan138,Sayyed Arishfa Khan 💎,Cinema & Actors/actresses,29.5M,India,77.5K,94K,
mohanshakti,Shakti Mohan,Art/Artists,16.5M,India,138.3K,166.1K,Cinema & Actors/actresses
jimmyfallon,Jimmy Fallon,Shows,23.1M,United States,94.9K,118.8K,Humor & Fun & Happiness
iampauloandre,Paulo André 🏁,Photography,9.9M,Brazil,102.6K,290.5K,Lifestyle
ewsbdi,로운,,4.7M,Indonesia,395.9K,591.8K,
borodylia,Ксения Бородина,Shows,19.2M,Russia,115K,141.8K,Family
natalee.007,Natalie Lee,Modeling,7M,United States,310.8K,397.2K,Music
mterstegen1,Marc ter Stegen,Sports with a ball,13.6M,Spain,132.4K,199.5K,
albafloresoficial,Alba Flores,Cinema & Actors/actresses,11.5M,Spain,175.3K,236.2K,
snejanaonopka15,Snejana Onopka,Modeling,9.6M,Brazil,221.4K,295.5K,
saythename_17,SEVENTEEN,Music,10.2M,Indonesia,234.3K,262.9K,
anas,Anas,Family,5.8M,Iraq,367.1K,476.8K,Shows
ab,Antonio Brown,Sports with a ball,11.3M,United States,118K,241.1K,
wdohwan,우도환,Cinema & Actors/actresses,4.5M,Indonesia,459.3K,608.8K,
actor_jg,배우 이준기 李準基,Cinema & Actors/actresses,6.5M,Indonesia,363.1K,426.7K,
ashleybenson,Ashley Benson,Modeling,23.3M,Brazil,81.2K,115.4K,
letthelordbewithyou,Scott Disick,Lifestyle,27.5M,United States,64.6K,97.6K,Family
iiqraaziz,IQRA AZIZ HUSSAIN🇵🇰,Beauty,9M,India,266.5K,303.8K,Modeling
icc,ICC,Sports with a ball,24.3M,India,91.7K,109.7K,
nimratkhairaofficial,NIMRAT KHAIRA,Music,8.1M,India,271.2K,336.5K,
snoopdogg,snoopdogg,Lifestyle,76.4M,United States,24.9K,35.5K,Music
zo,Lonzo Ball,Sports with a ball,14.7M,United States,101.1K,182.1K,
cnn,CNN,Shows,18.1M,United States,107.7K,148.8K,Literature & Journalism
realshadmehr,Shadmehr Aghili,Music,8.2M,Iran,242.7K,338.6K,
arcticmonkeys,Arctic Monkeys,Music,4.1M,United States,465K,653.9K,
priyankaamohanofficial,Priyanka Mohan,Photography,3.5M,India,660K,757.3K,Lifestyle
dacremontgomery,Dacre Montgomery,Cinema & Actors/actresses,8.9M,United States,224.4K,299.9K,
iamyanetgarcia,Yanet Garcia 🇲🇽,Cinema & Actors/actresses,14.9M,Mexico,139.6K,178.2K,Modeling
streetartglobe,StreetArtGlobe ™ 😱,Art/Artists,16.6M,United States,117.7K,159.9K,
maddieziegler,maddie,Cinema & Actors/actresses,13.8M,United States,126.5K,189.8K,Modeling
_abu_saalim_,ABU SAALIM,Photography,3M,India,372.6K,881.4K,Cinema & Actors/actresses
hannahelzahed,Hannah El-Zahed,Cinema & Actors/actresses,18.2M,Egypt,117.2K,145K,
djokernole,Novak Djokovic,Sports with a ball,11.4M,Serbia,187.7K,230.9K,
weareone.exo,EXO Official,Music,10M,Indonesia,212K,265.8K,
paollaoliveirareal,Paolla Oliveira,Cinema & Actors/actresses,34.9M,Brazil,56.7K,75.1K,Lifestyle
trentarnold66,Trent Alexander-Arnold,Lifestyle,7.8M,United Kingdom,230.4K,337.5K,Sports with a ball
i_nivethathomas,Nivetha Thomas,Cinema & Actors/actresses,6.2M,India,379.5K,429.2K,
jeromepolin,Jerome Polin Sijabat ジェローム,Education,7M,Indonesia,257.7K,378.2K,Humor & Fun & Happiness
sinavaliollah,Sina Valiollah,Shows,7.5M,Iran,282.9K,356.8K,
dilettaleotta,🌸Diletta Leotta🌸,Shows,8.6M,Italy,206.2K,307.5K,
marcoasensio10,Marco Asensio,Sports with a ball,14.6M,Spain,115.9K,177.7K,
nidhhiagerwal,Nidhhi Agerwal 🌟,Gaming,25.7M,India,84.3K,101K,Cinema & Actors/actresses
ms.sethii,Shilpa Sethi,Modeling,6.6M,United States,267.8K,405.1K,
michelle_lewin,Michelle Lewin,Fitness & Gym,15.1M,United States,122.6K,173.1K,
galatasaray,Galatasaray,Sports with a ball,11.7M,Turkey,183K,221.4K,
maxverstappen1,Max Verstappen,Racing Sports,9.3M,United States,214.4K,281.9K,
anggayunandareal16,Ucup - The Hacker,Modeling,10.5M,Indonesia,169.1K,244.7K,
guaynaa,Guaynaa 🧿,Music,6.2M,Mexico,269K,414.8K,
burnaboygram,Burna Boy,Art/Artists,11.5M,Nigeria,121.6K,223.4K,Music
sergiroberto,Sergi Roberto,Sports with a ball,7.6M,Spain,215.6K,339.7K,
rakulpreet,Rakul Singh,Cinema & Actors/actresses,22.4M,India,96.2K,113.1K,Modeling
lalioficial,LALI❤️‍🔥,Music,11.1M,Argentina,160.6K,229.5K,
aslisona,Sonakshi Sinha,Cinema & Actors/actresses,23.3M,India,90.2K,109.1K,Lifestyle
dear.zia,𝑓𝑟𝑒𝑒𝑧𝑖𝑎 .🌼,,3.7M,South Korea,612.5K,688.4K,
dominicfike,,Music,3.4M,United States,391K,743.6K,
tamannaahspeaks,Tamannaah Bhatia,Music,17.8M,India,121.3K,141.6K,Cinema & Actors/actresses
kikakim,Kristina Kim,Lifestyle,7.1M,Kazakhstan,273.6K,362.1K,Music
rubyrose,Ruby Rose,Modeling,20.3M,United States,93.9K,124K,
thegirljt,JT😸,Music,5.8M,United States,161K,441.1K,
huddy,Chase Hudson,Lifestyle,11.5M,United States,157.5K,217.2K,Art/Artists
prideofgypsies,Jason Momoa,Cinema & Actors/actresses,17.2M,United States,114.2K,146.8K,
jscmila,Jessica Mila Agnesia,Beauty,22.3M,Indonesia,84.1K,111.6K,Modeling
normani,Normani,Music,7.3M,United States,223.2K,349K,
t22felton,Tom Felton,Music,11.9M,United States,162.6K,210.6K,Cinema & Actors/actresses
rey_mbayang,REY MBAYANG,Music,5.1M,Indonesia,303.2K,493K,
kh1000le,CHENLE ZHONG,Music,1.9M,,0,1.3M,
qk20,عبدالكريم الهندال الهاشمي - مجلة وضحة,Family,11.1M,India,212.3K,223.8K,Business & Careers
aoc,Alexandria Ocasio-Cortez,Finance & Economics,8.7M,United States,235.4K,294.4K,
mirandacosgrove,Miranda Cosgrove,Music,9.8M,Brazil,164.4K,256.9K,Cinema & Actors/actresses
debbyryan,Debby Ryan,Music,16.6M,United States,102.8K,149.6K,Cinema & Actors/actresses
thiago6,Thiago Alcantara,Sports with a ball,9.9M,United Kingdom,147.8K,253.5K,
theamitbhadana,Amit Bhadana ( अमित भड़ाना ),Shows,8.5M,India,241.3K,296.5K,
jacksepticeye,Jacksepticeye,Computers & Gadgets,7.9M,United States,274.2K,318.2K,Machinery & Technologies
dagelan,Dagelan,Humor & Fun & Happiness,21.1M,Indonesia,70K,118.1K,
alvaromorata,Álvaro Morata,Sports with a ball,18M,Italy,88.5K,136.9K,Literature & Journalism
laurenjauregui,Lauren Jauregui,Music,10.8M,United States,155.5K,229.7K,
rondarousey,Ronda Rousey,Cinema & Actors/actresses,15.9M,United States,115.6K,154.9K,
bypamella,BY PAMELLA ✨🧿,Shows,9.9M,Brazil,147.9K,253.5K,
riyadmahrez26.7,RM26,Sports with a ball,9.2M,Algeria,210.1K,270.6K,
bowerjamie,ᴊᴀᴍɪᴇ ᴄᴀᴍᴘʙᴇʟʟ ʙᴏᴡᴇʀ,Cinema & Actors/actresses,5.5M,Italy,337.9K,450.4K,
dearra,De'arra Taylor,,6.3M,United States,159.5K,397.4K,
hustlemantherapper,Hustleman 💫,Lifestyle,10.1M,United States,219K,241.4K,
yuzi_chahal23,Yuzvendra Chahal,Lifestyle,8.2M,India,247.9K,301.9K,Sports with a ball
fifaworldcup,FIFA World Cup,Sports with a ball,29.1M,India,55.7K,84.1K,
rjkarishma,RJ Karishma,Humor & Fun & Happiness,3.7M,India,529.9K,676.5K,Cinema & Actors/actresses
ricky_martin,Ricky Martin,Music,17.3M,Argentina,105.5K,141.6K,
nabilla,Nabilla Vergara ✨,Beauty,8M,France,223.9K,308.1K,
isaias,Isaías,Lifestyle,9M,Brazil,155.6K,272.6K,
karolsevillaofc,KAROL SEVILLA,Cinema & Actors/actresses,15.1M,Brazil,127.1K,160.7K,
gucci,,Accessories & Jewellery,49M,United States,37.2K,49.3K,Clothing & Outfits
sabinahidalgo,Sabina Hidalgo,Lifestyle,4.8M,Brazil,432.9K,519.3K,Music
_chaechae_1,김채원 (CHAEWON),Lifestyle,2.9M,South Korea,699.3K,841K,
hyeri_0609,혜리,Music,7.3M,South Korea,277.7K,334.5K,
nadin_serovski,Nadin Serovski,Family,9.4M,Russia,189.3K,259.3K,Lifestyle
lynaritaa,Lyna Perez,Lifestyle,9.1M,United States,205.5K,271.3K,
maudeapatow,Maude Apatow,Lifestyle,4.8M,United States,304.7K,504.3K,Cinema & Actors/actresses
gongyoo_official,공유 gongyoo official,Lifestyle,3.6M,Indonesia,537.9K,675.7K,
christian_fig,Christian Figueiredo,Cinema & Actors/actresses,10.8M,Brazil,142.4K,221.8K,Lifestyle
arashi_5_official,ARASHI,,4.4M,Japan,542.5K,565.2K,
soyturkrabia,Rabia,,2.8M,Turkey,615.4K,864.3K,
disney,Disney,Shows,34.4M,United States,57.5K,69.3K,
333cyj333,Ars 🎗,Music,6.7M,Thailand,304.2K,362.4K,
soycintiacossio,Cintia Cossio,Modeling,5.8M,Colombia,337.4K,421.1K,Adult content
anthonyjoshua,,Fitness & Gym,14.4M,United Kingdom,123K,167.3K,
reynmen,reyn,Music,7.1M,Turkey,266.6K,339.6K,Cinema & Actors/actresses
ykaaar,Damiano David/Måneskin,Art/Artists,5.2M,Italy,336.7K,462K,Cinema & Actors/actresses
jessica.syj,Jessica Jung,Modeling,10.9M,Indonesia,178.4K,218.9K,Beauty
landonorris,Lando Norris,Racing Sports,5.8M,Italy,328.3K,413.7K,Cars & Motorbikes
ashleygraham,A S H L E Y  G R A H A M,Modeling,19.1M,United States,93.2K,123.2K,
ler_chek,Валерия Чекалина,Lifestyle,10.5M,Russia,174.6K,225.1K,Beauty
bmw,BMW,Cars & Motorbikes,33.8M,Iran,53.2K,69.5K,
joesthetics,Jo Lindner,Fitness & Gym,7.8M,India,200.9K,306K,
maitreyiramakrishnan,Maitreyi Ramakrishnan,Photography,3.9M,Brazil,413.2K,604.3K,Cinema & Actors/actresses
ateez_official_,ATEEZ(에이티즈),,7M,United States,294.4K,337.7K,
myriamfares,Myriam Fares,Music,20.9M,Iraq,82.1K,111.1K,
saaihalilintar,SAAIH HALILINTAR,Business & Careers,5M,Indonesia,377.5K,468.4K,Shows
salshabillaadr,Salshabilla adriani,Music,14.4M,Indonesia,100.2K,160.2K,Cinema & Actors/actresses
cemrebaysel,Cemre,Lifestyle,3.6M,Turkey,489.4K,658.3K,
hasnaink07,Hasnain khan,Gaming,13.1M,India,143.3K,179.3K,
arsenal,Arsenal,Sports with a ball,22.9M,United Kingdom,66.8K,100.8K,
piawurtzbach,Pia Wurtzbach,Beauty,13.9M,Philippines,137.1K,165.3K,Modeling
tamaaev,Тамаев Асхаб,Fitness & Gym,5.1M,Russia,324.8K,457.6K,
eunbining0904,박은빈,Music,2.9M,South Korea,690.1K,814.7K,
tarasutaria,TARA💫,Cinema & Actors/actresses,8.2M,India,226.9K,285.8K,
viking.barbie,Viking Barbie⚔,Adult content,11.5M,United States,131.5K,200.9K,
brycehall,Bryce Hall,Music,7.2M,United States,252.3K,324K,
illusomina,Shinmina,Cinema & Actors/actresses,4.5M,Indonesia,412.7K,514.8K,
sahilkhan,India’s Youth & Fitness IC⭕️N®,Fitness & Gym,10.9M,India,154.8K,210K,
julienco_,! Julian,Lifestyle,6.4M,Germany,294.6K,362.9K,Family
____kimwoobin,김우빈,Lifestyle,3.9M,Indonesia,452.8K,597.3K,
aidanrgallagher,Aidan R Gallagher,Music,7.7M,Mexico,250.4K,301.3K,
mccabelinho,LITTLE HAIR,Lifestyle,5.4M,Brazil,218.9K,431.9K,Music
stebinben,Stebin Ben,Music,11.9M,India,155K,190.2K,Lifestyle
optimushwang,황민현,Lifestyle,4.4M,South Korea,444K,529.2K,
divyankatripathidahiya,Divyanka Tripathi Dahiya,Shows,21.1M,India,93.3K,107.8K,Cinema & Actors/actresses
aycaaysinturan,Ayça Ayşin Turan,Cinema & Actors/actresses,6M,Turkey,289.8K,387.6K,
officialslystallone,Sly Stallone,Art/Artists,15.2M,United States,118.1K,149.1K,Cinema & Actors/actresses
haifa_hassony,هيفاء حسوني Haifa Hassony,Modeling,15.1M,Iraq,112.7K,150.4K,Fitness & Gym
feid,FERXXO,Music,5M,Colombia,220.8K,457.2K,
03_hu,박지후,Lifestyle,4.2M,South Korea,441.6K,541.6K,
nameisnani,Nani,Humor & Fun & Happiness,5.3M,India,396.4K,427.9K,Cinema & Actors/actresses
_hakkencoser_,Hakken 八犬,Gaming,3.7M,United States,500.2K,611.3K,Photography
kyliecosmetics,Kylie Cosmetics,Beauty,26M,United States,59.8K,86.1K,Shopping & Retail
kawtarbamo,KAWTAR BA-MOHAMED كوثر بامو,Cinema & Actors/actresses,7.6M,Morocco,220.6K,298.9K,
jimena.jimenezr,Jimena,,5.9M,Mexico,265.6K,383.4K,
hank_says_hank,Hank 행크,,3.3M,South Korea,576.7K,676.8K,
taylor_hill,Taylor Hill,Art/Artists,20.8M,United States,71.6K,106.9K,Fashion
epa_colombia,EPA COLOMBIA,,5.1M,Colombia,322.2K,443.2K,
beberexha,Bebe Rexha,Music,10.7M,India,139.5K,206.3K,Lifestyle
thenewclassic,Iggy Azalea,Music,16.7M,United States,82.1K,132.8K,
min.nicha,MINNIE,Lifestyle,4.2M,Thailand,385.5K,526.6K,Music
francety,Francia James,Adult content,11.4M,India,149.9K,196.6K,
silambarasantrofficial,Silambarasan TR,Shows,10.2M,India,169.6K,216.6K,Lifestyle
lalala_lfamily,Lfamily,Music,2.5M,Thailand,752.9K,900.4K,
