AccountName,Name,Subscribers,Country,AuthenticEngagement,EngagementAverage,Category_1,Category_2
cristiano,Cristiano Ronaldo,477.9M,India,5M,6.2M,Sports with a ball,
kyliejenner,Kylie 🤍,368.1M,United States,3.5M,5.5M,Fashion,Modeling
arianagrande,Ariana Grande,329.6M,United States,2.9M,4M,,
leomessi,Leo Messi,358.6M,Indonesia,2.7M,3.5M,Sports with a ball,Family
zendaya,Zendaya,151.1M,United States,4.3M,5.8M,Cinema & Actors/actresses,Fashion
selenagomez,Selena Gomez,344.2M,United States,1.8M,2.4M,Lifestyle,
taylorswift,Taylor Swift,223.5M,Brazil,2.5M,3.3M,,
thv,V,50.8M,South Korea,12.7M,12.7M,,
virat.kohli,Virat Kohli,212.6M,India,2.6M,2.9M,Sports with a ball,
beyonce,Beyoncé,274.1M,United States,1.5M,2.1M,Fashion,
kimkardashian,Kim Kardashian,329.8M,United States,1.2M,1.6M,Fashion,Beauty
tomholland2013,Tom Holland,68M,United States,6.3M,7.7M,Cinema & Actors/actresses,
j.m,JIMIN,43.5M,South Korea,11.6M,11.6M,,
billieeilish,BILLIE EILISH,106.2M,United States,3.5M,4.6M,,
lalalalisa_m,LISA,81.7M,Indonesia,5M,5.8M,,
justinbieber,Justin Bieber,256.3M,Brazil,1.3M,1.8M,,
neymarjr,NJ 🇧🇷,178.1M,Brazil,1.5M,2.2M,Sports with a ball,
agustd,SUGA of BTS 민윤기,38.3M,South Korea,9.9M,9.9M,Lifestyle,
sooyaaa__,JISOO🤍,63.8M,Indonesia,4.9M,5.6M,Beauty,
jin,Jin of BTS,39.5M,United States,8.8M,8.8M,,
kendalljenner,Kendall,255.4M,United States,852K,1.3M,Modeling,Fashion
karolg,KAROL G,56.2M,Mexico,5M,6.1M,,
kourtneykardash,Kourtney Kardashian Barker,196.4M,United States,1.2M,1.7M,Lifestyle,
khaby00,Khaby Lame,79.3M,India,2.8M,3.9M,Sports with a ball,
uarmyhope,jhope,39.4M,South Korea,7.8M,7.8M,,
jennierubyjane,J,69.8M,Indonesia,3.7M,4.4M,,
roses_are_rosie,ROSÉ,62.7M,Indonesia,3.7M,4.3M,,
badbunnypr,,42.8M,United States,3.6M,5.6M,,
milliebobbybrown,Millie Bobby Brown,58.4M,Brazil,3.1M,4M,Cinema & Actors/actresses,
jlo,Jennifer Lopez,220.9M,United States,830.4K,1.1M,Cinema & Actors/actresses,
zayn,Zayn Malik,47M,India,3.1M,4.9M,,
rkive,RM,37.8M,,5.9M,5.9M,Lifestyle,
instagram,Instagram,546.6M,India,285.4K,356.6K,Photography,
bts.bighitofficial,BTS official,67.5M,Indonesia,2.5M,2.7M,,
iamcardib,Cardi B,140.4M,United States,893.8K,1.3M,Fashion,
jungkook.97,전 정국 이올시다,45.8M,,3.8M,3.8M,,
champagnepapi,champagnepapi,120.2M,United States,877K,1.4M,,
therock,Dwayne Johnson,335.9M,India,375.2K,477.5K,Cinema & Actors/actresses,Fitness & Gym
nickiminaj,Barbie,201.8M,United States,486.1K,765.5K,,
narendramodi,Narendra Modi,69.3M,India,1.8M,2M,Finance & Economics,Business & Careers
kingjames,👑,131.5M,United States,618.3K,1.1M,Sports with a ball,
khloekardashian,Khloé Kardashian,268.4M,United States,403.1K,499.3K,Clothing & Outfits,Lifestyle
dualipa,DUA LIPA,86.3M,United States,1.2M,1.5M,,
willsmith,Will Smith,63.7M,United States,1.6M,1.9M,Cinema & Actors/actresses,
shawnmendes,Shawn Mendes,70.2M,Brazil,1.2M,1.7M,,
eunwo.o_c,차은우,30.2M,Indonesia,3.2M,3.9M,Lifestyle,
harrystyles,,47.3M,United States,1.7M,2.3M,Fashion,
dlwlrma,이지금 IU,27.6M,South Korea,3.2M,3.8M,,
actorleeminho,이민호 leeminho,30.7M,Indonesia,2.6M,3.4M,Cinema & Actors/actresses,
noahschnapp,Noah Schnapp,27.5M,Brazil,2.8M,3.7M,Cinema & Actors/actresses,
adele,Adele,50.8M,United States,1.4M,1.9M,,
shraddhakapoor,Shraddha ✶,74.4M,India,1.1M,1.3M,Cinema & Actors/actresses,
gigihadid,Gigi Hadid,75.4M,United States,795.5K,1.2M,Modeling,Lifestyle
oliviarodrigo,Olivia Rodrigo,27.8M,India,2.5M,3.1M,Cinema & Actors/actresses,
georginagio,Georgina Rodríguez,39.1M,India,1.5M,2.1M,Lifestyle,Fashion
katrinakaif,Katrina Kaif,66.6M,India,1.1M,1.2M,Beauty,
haileybieber,Hailey Rhode Baldwin Bieber,47.6M,United States,1.3M,1.7M,Lifestyle,Modeling
k.mbappe,Kylian Mbappé,72.6M,France,797.2K,1.1M,Sports with a ball,
blakelively,Blake Lively,35M,United States,1.5M,2.3M,Cinema & Actors/actresses,
anushkasharma,AnushkaSharma1588,59.7M,India,1.2M,1.3M,Cinema & Actors/actresses,
nasa,NASA,82.3M,India,800.4K,961.7K,Science,Photography
handemiyy,Hande Erçel,28.9M,Turkey,2.1M,2.7M,Cinema & Actors/actresses,
sadiesink_,Sadie Sink,24.6M,Brazil,2.2M,3.1M,Modeling,Lifestyle
ester_exposito,Ester 🌙,29.2M,Mexico,1.7M,2.5M,Cinema & Actors/actresses,
johnnydepp,Johnny Depp,27.6M,India,1.9M,2.5M,Cinema & Actors/actresses,
chrishemsworth,Chris Hemsworth,56M,India,929.3K,1.2M,Cinema & Actors/actresses,
robertdowneyjr,Robert Downey Jr. Official,53.4M,India,987.5K,1.2M,Cinema & Actors/actresses,
jongsuk0206,이종석,23.5M,Indonesia,2.1M,2.8M,Cinema & Actors/actresses,
karimbenzema,Karim Benzema,57.1M,France,798.6K,1.1M,Sports with a ball,
fcbarcelona,FC Barcelona,111.9M,Indonesia,383.8K,585.4K,Sports with a ball,
charlidamelio,charli,49.1M,United States,1.1M,1.3M,Lifestyle,Shows
camila_cabello,camila,65.1M,Brazil,704.3K,956.7K,,
bn_sj2013,박서준,22.7M,Indonesia,2.2M,2.6M,Cinema & Actors/actresses,Modeling
lelepons,Lele Pons,49.4M,Mexico,759.9K,1.2M,,
realmadrid,Real Madrid C.F.,124.6M,Spain,324.4K,450.7K,Sports with a ball,
blackpinkofficial,BLΛƆKPIИK,49M,Indonesia,907K,1.1M,,
ddlovato,Demi Lovato,139.2M,United States,302.7K,392K,,
gal_gadot,Gal Gadot,86.4M,United States,485.5K,627.3K,Cinema & Actors/actresses,
dishapatani,disha patani (paatni) 🦋,53.6M,India,802.5K,988K,Cinema & Actors/actresses,Lifestyle
niallhoran,Niall Horan,30.5M,United States,1.2M,1.7M,,
rashmika_mandanna,Rashmika Mandanna,33.1M,India,1.3M,1.6M,Beauty,Cinema & Actors/actresses
dojacat,Doja Cat,24.2M,United States,1.5M,2M,,
dovecameron,DOVE,48.3M,United States,767.9K,1M,Cinema & Actors/actresses,
realstraykids,Stray Kids,22.7M,Indonesia,1.7M,2.1M,,
beingsalmankhan,Salman Khan,53.9M,India,690.3K,883.4K,Cinema & Actors/actresses,
ursulolita,Úrsula Corberó ✨,23.7M,Brazil,1.4M,2M,Cinema & Actors/actresses,Modeling
paulodybala,Paulo Dybala,48.6M,Argentina,583.5K,934K,Sports with a ball,
songkang_b,송강,14.7M,Mexico,2.2M,3M,,
virginia,Virginia Fonseca Costa,39.2M,Brazil,708.4K,1.1M,Shows,Lifestyle
hardikpandya93,Hardik Himanshu Pandya,23M,India,1.5M,1.9M,Sports with a ball,
jacksonwang852g7,Jackson Wang,30M,China,1.2M,1.4M,,
zacefron,Zac Efron,54.8M,United States,534.4K,774.7K,Cinema & Actors/actresses,
jacquelinef143,Jacqueline Fernandez,63M,India,551.4K,672.1K,Cinema & Actors/actresses,
yawnzzn,YEONJUN,10.7M,India,3M,3.9M,,
oohsehun,SEHUN,23.2M,Indonesia,1.5M,1.8M,,
bellahadid,Bella 🦋,54.6M,United States,474.5K,758.9K,Modeling,
kimberly.loaiza,KIM LOAIZA 🖤,35.8M,Mexico,959.2K,1.2M,Clothing & Outfits,Lifestyle
iamzlatanibrahimovic,Zlatan Ibrahimović,55.4M,Italy,481K,740.7K,Sports with a ball,
chrisevans,Chris Evans,17.7M,United States,1.9M,2.3M,Cinema & Actors/actresses,
maluma,MALUMA,62.9M,Italy,413.3K,636.9K,,
aliaabhatt,Alia Bhatt 🤍☀️,69.7M,India,452.5K,560K,Cinema & Actors/actresses,
tchalamet,Timothée Chalamet,17.8M,United States,1.3M,2.2M,Cinema & Actors/actresses,
championsleague,UEFA Champions League,97.6M,Brazil,285.7K,389.3K,Sports with a ball,
vindiesel,Vin Diesel,82.7M,Brazil,353.2K,457.4K,Cinema & Actors/actresses,
anitta,Anitta 🎤,63.2M,Brazil,316.2K,590.4K,,
kiaraaliaadvani,KIARA,25M,India,1.2M,1.4M,Cinema & Actors/actresses,
shahidkapoor,Shahid Kapoor,35.7M,India,858K,971.6K,Cinema & Actors/actresses,
davidbeckham,David Beckham,75.1M,India,360.5K,462.3K,Family,Sports with a ball
finnwolfhardofficial,Finn Wolfhard,26.3M,Brazil,1M,1.3M,Cinema & Actors/actresses,
mosalah,Mohamed Salah,52.7M,Egypt,458.8K,650K,Sports with a ball,
priyankachopra,Priyanka,81.8M,India,343.4K,417.3K,Cinema & Actors/actresses,
antonelaroccuzzo,Antonela Roccuzzo,20.2M,Argentina,1M,1.7M,Modeling,Family
tyga,T-Raww,36.5M,United States,628.4K,939.2K,,
hoooooyeony,Hoyeon,22.9M,South Korea,1.1M,1.5M,Lifestyle,
lucas_xx444,LUCAS,11.5M,Indonesia,2.4M,3M,,
mrbeast,MrBeast,19.9M,United States,1.2M,1.7M,Shows,Humor & Fun & Happiness
jenniferaniston,Jennifer Aniston,40.7M,Brazil,554.9K,805.3K,Cinema & Actors/actresses,
iamsrk,Shah Rukh Khan,30.4M,India,863.3K,1.1M,Cinema & Actors/actresses,
kritisanon,Kriti,50.6M,India,547.6K,638.3K,Modeling,
chrisbrownofficial,BREEZY,119.1M,United States,172K,268.2K,,
_rl9,Robert Lewandowski,29.4M,Poland,844.4K,1.1M,Sports with a ball,
deepikapadukone,Deepika Padukone,68.8M,India,342K,446.2K,Cinema & Actors/actresses,
pewdiepie,PewDiePie,21.8M,United States,1.2M,1.4M,Computers & Gadgets,
madelame,Madelaine Petsch,25.2M,Russia,861.2K,1.2M,Cinema & Actors/actresses,
ronaldinho,Ronaldo de Assis Moreira,67.8M,Brazil,256.2K,445.6K,Sports with a ball,
alluarjunonline,Allu Arjun,19.1M,India,1.3M,1.6M,Cinema & Actors/actresses,
rosalia.vt,LA ROSALÍA,21.9M,Spain,1M,1.4M,,
emrata,Emily Ratajkowski,29.6M,United States,629.9K,1M,Modeling,
addisonraee,Addison Rae,40M,United States,481K,742.2K,Beauty,
433,433,51.6M,Spain,339.4K,563.9K,Sports with a ball,
katyperry,KATY PERRY,171.2M,Brazil,130.5K,168.3K,,
_jeongjaehyun,Jaehyun,12.4M,Indonesia,1.9M,2.3M,,
madisonbeer,Madison Beer,32.4M,United States,588.9K,879.5K,,
marcelotwelve,Marcelo Vieira,58.5M,Spain,325.7K,484.2K,Sports with a ball,
phs1116,박형식 / PARKHYUNGSIK,10.5M,Indonesia,2.2M,2.7M,Business & Careers,
sergioramos,Sergio Ramos,53.1M,Spain,344.1K,527.4K,Sports with a ball,
casemiro,Casemiro,17.4M,Brazil,1.1M,1.6M,Sports with a ball,
emmachamberlain,emma chamberlain,16.1M,United States,1.1M,1.7M,Lifestyle,Shows
luvadepedreiro,Iran Ferreira,18.4M,Brazil,894.2K,1.5M,Family,Sports with a ball
rohittt_09_,𝐑𝐨𝐡𝐢𝐭 𝐙𝐢𝐧𝐣𝐮𝐫𝐤𝐞 ~ 𝐫𝐞𝐚𝐜𝐭𝐢𝐨𝐧𝐛𝐨𝐢 💫,24.1M,India,807.5K,1.1M,Shows,Lifestyle
nike,Nike,235.7M,United States,89.7K,116.2K,Fitness & Gym,Shopping & Retail
luisitocomunica,Luisillo El Pillo,32.4M,Mexico,627.1K,828.5K,Humor & Fun & Happiness,Clothing & Outfits
miakhalifa,Mia K.,27.7M,India,605.5K,968.5K,Fitness & Gym,Lifestyle
theweeknd,The Weeknd,42.9M,United States,456.6K,618.7K,,
ladygaga,Lady Gaga,53.3M,United States,351K,492.3K,Cinema & Actors/actresses,
varundvn,VarunDhawan,44.1M,India,484K,589.8K,Cinema & Actors/actresses,
zefelipecantor,Zé,25M,Brazil,591.4K,1M,,
manchesterunited,Manchester United,60.2M,United Kingdom,265.6K,425K,Sports with a ball,
sidhu_moosewala,Sidhu Moosewala (ਮੂਸੇ ਆਲਾ),11.2M,India,2M,2.4M,Lifestyle,
thedeverakonda,Vijay Deverakonda,17.5M,India,1.2M,1.4M,Cinema & Actors/actresses,
emilia_clarke,,27M,India,733.5K,922.2K,Cinema & Actors/actresses,
elrubiuswtf,el rubius WTF,17.3M,Mexico,1.3M,1.4M,Computers & Gadgets,
hegdepooja,Pooja Hegde,21.3M,India,995.7K,1.1M,Cinema & Actors/actresses,
vinijr,Vinicius Jr. ⚡️🇧🇷,22.3M,Brazil,610.1K,1.1M,Sports with a ball,Lifestyle
feliciathegoat,"Tyler, The Creator",13.2M,United States,1.1M,1.8M,,
lewishamilton,Lewis Hamilton,29.8M,Brazil,564.5K,810.5K,Racing Sports,
zidane,zidane,33.7M,Spain,524.2K,714K,Sports with a ball,
natgeo,National Geographic,238.3M,United States,78.8K,100.3K,Nature & landscapes,Science
madelyncline,Maddie,12.6M,United States,1.3M,1.9M,Cinema & Actors/actresses,
henrycavill,Henry Cavill,21.7M,Brazil,897K,1.1M,Cinema & Actors/actresses,
theestallion,Megan Thee Stallion,29.8M,United States,451.4K,788.2K,,
saraalikhan95,Sara Ali Khan,41.2M,India,459.9K,561.2K,Cinema & Actors/actresses,
jacobelordi,Jacob Elordi,13.2M,Brazil,1.1M,1.7M,Cinema & Actors/actresses,
bizarrap,BZRP,14.9M,Argentina,1.3M,1.5M,,
leedongwook_official,이동욱 (Official_Instagram),14.8M,Indonesia,1.2M,1.6M,Cinema & Actors/actresses,
thenameisyash,Yash,11.2M,India,1.7M,2M,Cinema & Actors/actresses,
hrithikroshan,Hrithik Roshan,43.9M,India,407.5K,515.7K,Cinema & Actors/actresses,
kapilsharma,Kapil Sharma,42.6M,India,463.9K,528.6K,Cinema & Actors/actresses,Shows
shakira,Shakira,76.2M,India,216.5K,296.2K,,
jichangwook,지창욱,21.4M,Indonesia,828.3K,1.1M,Cinema & Actors/actresses,
imhyoseop,안효섭,8.9M,Indonesia,2.2M,2.5M,Lifestyle,
norafatehi,Nora Fatehi,42.1M,India,424.4K,522.3K,Cinema & Actors/actresses,Shows
cznburak,Burak Özdemir,40.4M,Turkey,398.9K,541.9K,Food & Cooking,
na.jaemin0813,JAEMIN,10M,Indonesia,1.8M,2.2M,,
paulpogba,Paul Labile Pogba,55.3M,Brazil,218.3K,388.6K,Sports with a ball,
zkdlin,KAI,14.2M,Indonesia,1.2M,1.5M,,
sabrinacarpenter,Sabrina Carpenter,27.7M,Brazil,631.4K,775.4K,,
nehakakkar,Neha Kakkar (Mrs. Singh),70.8M,India,259.1K,302.5K,,
lanarhoades,Lana Rhoades,16.6M,United States,771.4K,1.3M,Lifestyle,Modeling
jannatzubair29,Jannat Zubair Rahmani,44.1M,India,386.7K,471.2K,Cinema & Actors/actresses,
emmawatson,Emma Watson,67.5M,United States,224.3K,306.2K,Literature & Journalism,Cinema & Actors/actresses
domelipa,domelipa,19.8M,Mexico,850.5K,1M,Lifestyle,
bbrightvc,bright,16.1M,Indonesia,1M,1.3M,Cinema & Actors/actresses,
erling.haaland,Erling Braut Haaland,18.3M,Brazil,722.6K,1.1M,Lifestyle,Sports with a ball
strangerthingstv,Stranger Things Netflix,22.6M,Brazil,649.8K,869.6K,Cinema & Actors/actresses,Shows
bambam1a,BamBam,16.7M,Brazil,917.3K,1.2M,,
vancityreynolds,Ryan Reynolds,45.1M,United States,323.4K,425.5K,Cinema & Actors/actresses,
nina,Nina Dobrev,25.9M,Brazil,512.9K,735.4K,Cinema & Actors/actresses,
iambeckyg,Becky G,33.5M,Mexico,470.3K,566.8K,,
onyourm__ark,Mark,9.3M,Indonesia,1.7M,2.1M,Lifestyle,
daddyyankee,Daddy Yankee,46M,Argentina,296.9K,414K,,
jamesrodriguez10,James Rodríguez,49.9M,Colombia,250K,380.5K,Sports with a ball,
kartikaaryan,KARTIK AARYAN,26M,India,580.4K,721.8K,Cinema & Actors/actresses,
do0_nct,Doyoung,10.5M,Indonesia,1.3M,1.7M,Lifestyle,
twicetagram,TWICE,26.6M,Indonesia,564K,684.3K,Modeling,
m10_official,Mesut Özil,24.2M,Turkey,539K,758.1K,Sports with a ball,
aurelie.hermansyah,Aurelie Hermansyah Atta,27.1M,Indonesia,528.2K,666.2K,Beauty,
enhypen,ENHYPEN,10.9M,Indonesia,1.2M,1.6M,Lifestyle,
loganpaul,Logan Paul,23.8M,United States,548.2K,731K,Fitness & Gym,
momo,모모 (MOMO),8M,Turkey,1.5M,2.2M,Lifestyle,
zachking,Zach King,24.5M,Indonesia,455.5K,701.7K,Shows,Humor & Fun & Happiness
akshaykumar,Akshay Kumar,63.1M,India,229.8K,273K,Cinema & Actors/actresses,
iamhalsey,halsey,30.5M,United States,422.7K,556.3K,,
serna_amini,Serna Amini,9.6M,Iran,1.4M,1.8M,,
nct,NCT Official Instagram,14.6M,Indonesia,918.3K,1.1M,,
kajalaggarwalofficial,Kajal A Kitchlu,23.5M,India,583K,704.6K,Cinema & Actors/actresses,
tatawerneck,Tata Werneck,54.1M,Brazil,197.1K,306K,Cinema & Actors/actresses,Family
angelrai07,Angel Rai :),22.5M,India,591.4K,712.5K,Cinema & Actors/actresses,
brentrivera,Brent Rivera,22.3M,United States,556K,721.7K,Cinema & Actors/actresses,
taeyeon_ss,TaeYeon,18.8M,South Korea,696.6K,847.1K,,
louist91,Louis Tomlinson,18.5M,Brazil,636.6K,870.9K,,
itzy.all.in.us,ITZY,17.9M,Indonesia,714.5K,873.7K,,
haileesteinfeld,hailee steinfeld,19.6M,United States,626.3K,795.2K,Cinema & Actors/actresses,
iamferv,fer,10.6M,Mexico,994K,1.5M,Lifestyle,
brunomars,Bruno Mars,25.9M,Brazil,397K,601.3K,,
carlinhosmaiaof,Carlinhos Maia🌻,26.1M,Brazil,326.5K,595.3K,Lifestyle,
taeoxo_nct,TAEYONG,9.6M,Indonesia,1.2M,1.6M,Lifestyle,
lilireinhart,Lili Reinhart,28.7M,Brazil,359.9K,532.3K,Cinema & Actors/actresses,
colesprouse,Cole Sprouse,35.9M,United States,324.6K,423.8K,Modeling,
jessicah_o,Jessi / 제시,12.6M,United States,939.7K,1.2M,,
riaricis1795,RICIS,31.9M,Indonesia,386.5K,472.9K,Lifestyle,
carryminati,𝑨𝒋𝒆𝒚 𝑵𝒂𝒈𝒂𝒓,16.1M,India,795.3K,935.8K,Computers & Gadgets,Machinery & Technologies
nayeonyny,나연 (NAYEON),8.3M,Brazil,1.6M,1.8M,Lifestyle,
sydney_sweeney,Sydney Sweeney,14.2M,United States,555.4K,1M,Lifestyle,Cinema & Actors/actresses
thinkaboutzu,쯔위 (TZUYU),8M,India,1.6M,1.9M,,
gatenm123,Gaten Matarazzo,18.7M,Brazil,596.8K,788.2K,Cinema & Actors/actresses,Fashion
postmalone,,22.8M,United States,423.2K,647.1K,,
awez_darbar,Awez Darbar,23.1M,India,531.2K,636.5K,Shows,Cinema & Actors/actresses
m.by__sana,사나 (SANA),7.5M,Yemen,1.7M,2M,Lifestyle,
skuukzky,숮이  💄💅👡👠🎀👙🌂👗🌂🎀💋💌,18M,Indonesia,654.8K,807.9K,Clothing & Outfits,
lilbaby,,20.4M,United States,385.5K,711.9K,,
somsomi0309,ENNIK 전소미,15.6M,Indonesia,754.7K,912.5K,,
camimendes,camila mendes,26.9M,Brazil,379.6K,526.3K,Cinema & Actors/actresses,
attahalilintar,Atta Halilintar - PAPATA,24M,Indonesia,430.6K,588K,Shows,
sunnyleone,Sunny Leone,53.5M,India,195.5K,264.7K,Beauty,Cinema & Actors/actresses
justintimberlake,Justin Timberlake,66.1M,United States,157.9K,210.9K,Cinema & Actors/actresses,
riyaz.14,Riyaz Aly,27.4M,India,395K,514K,Lifestyle,
juliette,Juliette,33.4M,Brazil,260.8K,414.5K,Cinema & Actors/actresses,
xxxibgdrgn,권지용(權志龍),21.3M,Indonesia,504.8K,640K,Photography,Fashion
hyunah_aa,Hyun Ah,18.2M,South Korea,622.1K,737.2K,,
ranveersingh,Ranveer Singh,41.1M,India,247.4K,322K,Cinema & Actors/actresses,Modeling
bretmanrock,Bretman (Da Baddest) Rock,18.5M,United States,424.6K,714.8K,Beauty,
kevinhart4real,Kevin Hart,152.5M,United States,68.9K,87.3K,Cinema & Actors/actresses,
evaluna,Evaluna Montaner de Echeverry,20.7M,Argentina,457.8K,630.7K,Family,
prattprattpratt,Chris Pratt,38.6M,United States,258.4K,338.1K,Cinema & Actors/actresses,
jbalvin,J Balvin,52.8M,Mexico,188.5K,247.5K,,
jairmessiasbolsonaro,Jair M. Bolsonaro,21.3M,Brazil,452.8K,628.9K,Finance & Economics,Business & Careers
britneyspears,Britney Spears,42.2M,United States,222.7K,309.7K,,
janhvikapoor,Janhvi Kapoor,18.5M,India,581.1K,693.3K,Lifestyle,Cinema & Actors/actresses
tinistoessel,LaTripleT,18.6M,Argentina,514.8K,690.5K,,
lukamodric10,Luka Modric,24.8M,Spain,349K,511.3K,Sports with a ball,
anushkasen0408,Anushka Sen,38.6M,India,282.7K,330.3K,Cinema & Actors/actresses,
min9yu_k,김민규,7.6M,Indonesia,1.4M,1.7M,,
keerthysureshofficial,Keerthy Suresh,13.6M,India,805K,921.1K,Beauty,Cinema & Actors/actresses
samoylovaoxana,Samoylova Oxana,15.3M,Russia,603.4K,818.1K,Family,Lifestyle
juandediospantoja,JD PANTOJA 🇲🇽,22.6M,Mexico,479.4K,547.6K,Cinema & Actors/actresses,
sidmalhotra,Sidharth Malhotra,20.6M,India,478.2K,595.5K,Cinema & Actors/actresses,Modeling
avneetkaur_13,Avneet Kaur Official,32.5M,India,308.5K,375.8K,Cinema & Actors/actresses,
garethbale11,Gareth Bale,48.1M,Spain,160.6K,251.8K,Sports with a ball,
yellow_3to3,REN JUN,6.3M,Indonesia,1.6M,2M,Lifestyle,
lilyjcollins,Lily Collins,26.9M,United States,300.9K,448K,Cinema & Actors/actresses,
luissuarez9,Luis Suárez,44.3M,Brazil,179.9K,269.7K,Sports with a ball,
realbarbarapalvin,Barbara Palvin,18.2M,Russia,483.4K,652.3K,Modeling,Fashion
johnnyjsuh,Johnny Suh,8.8M,Indonesia,1M,1.4M,Lifestyle,
lizgillz,Elizabeth Gillies,14.1M,Mexico,578.9K,838.1K,Cinema & Actors/actresses,
fedez,FEDEZ,14.4M,Italy,593K,820.4K,,
keniaos,Kenia Os,13.9M,Mexico,655.1K,851.8K,,
liluzivert,Lil Uzi Vert,16.4M,United States,392.8K,722.9K,,
_zyozyo,JIHYO,6.7M,Indonesia,1.4M,1.8M,Lifestyle,
heybiblee,이성경,14.5M,Indonesia,598.2K,807.6K,Modeling,
thehughjackman,,30.5M,United States,338.1K,384.4K,Cinema & Actors/actresses,
marvel,Marvel Entertainment,66.4M,United States,148K,175.5K,Cinema & Actors/actresses,Shows
nicki.nicole,,12.5M,Argentina,630K,931.6K,,
yoona__lim,,13.9M,Indonesia,700.1K,837.6K,Cinema & Actors/actresses,
ananyapanday,Ananya 💛💫,23.7M,India,419.7K,490.2K,Cinema & Actors/actresses,
pubity,Pubity,31.8M,United States,249.3K,364.5K,Humor & Fun & Happiness,
mr_faisu_07,FAISAL SHAIKH,28.3M,India,322.9K,411.8K,Modeling,Cinema & Actors/actresses
marshmello,marshmello,29.5M,United States,267.1K,385.9K,,
tigerjackieshroff,Tiger Shroff,35.6M,India,263.7K,321.3K,Cinema & Actors/actresses,
_imyour_joy,Joy,14.2M,Indonesia,670.1K,801K,Lifestyle,
iansomerhalder,iansomerhalder,23.4M,United States,326.2K,487.6K,Cinema & Actors/actresses,
trippieredd,555,13.1M,United States,443.1K,868.9K,,
sachintendulkar,Sachin Tendulkar,35.6M,India,264.2K,316.7K,Sports with a ball,Lifestyle
perrieedwards,Perrie Edwards 🖤,15.9M,Brazil,456.6K,712.5K,Modeling,
ashishchanchlani,Ashish Chanchlani,14.6M,India,621.8K,760.3K,Cinema & Actors/actresses,
iammichelemorroneofficial,Michele Morrone,15.3M,Brazil,498.4K,714.9K,Lifestyle,Cinema & Actors/actresses
dannapaola,Danna Paola,34.8M,Mexico,216.1K,313.3K,,
bhuvan.bam22,Bhuvan Bam,14.8M,India,594.9K,736.5K,Cinema & Actors/actresses,
cbum,Chris Bumstead,10.1M,United States,646.3K,1.1M,Fitness & Gym,
psg,Paris Saint-Germain,62.4M,Brazil,103.2K,172.2K,Sports with a ball,
mina_sr_my,미나 (MINA),6.6M,Indonesia,1.4M,1.7M,,
marvelstudios,Marvel Studios,38.3M,India,249.5K,279.6K,Cinema & Actors/actresses,
tenlee_1001,TEN_+•10,9.9M,Indonesia,860.9K,1.1M,,
mirella,BAD MI ⚡️ MIRELLA,27M,Brazil,188.1K,396.4K,,
greeicy,Greeicy,21.4M,Colombia,371.7K,498.8K,Shows,Cinema & Actors/actresses
winmetawin,Win Metawin O.,14.1M,Philippines,673.6K,761.7K,Lifestyle,
anuel,“REAL HASTA LA MUERTE”,29.4M,Spain,239.8K,366.5K,,
mont.pantoja,MONT,12.4M,Mexico,717.7K,853.8K,,
alidaei,Ali Daei,9.1M,Iran,722.8K,1.2M,Sports with a ball,
jheneaiko,Jhené Aiko Efuru Chilombo 🔮,15M,United States,399.5K,700.7K,,
urvashirautela,Urvashi Rautela,54.2M,India,164.4K,194.4K,Cinema & Actors/actresses,
imsebastianstan,Sebastian Stan,9.4M,United States,941.3K,1.1M,Shows,Cinema & Actors/actresses
larasilva,Lara Silva ⚠️,17.4M,Brazil,386.6K,596.8K,Shows,Adult content
brunamarquezine,Bruna Marquezine,43.1M,Brazil,139.5K,242K,Cinema & Actors/actresses,
manurios,Manu Rios,11M,Mexico,553.3K,933K,Shows,
nct127,NCT 127 Official Instagram,14.3M,Indonesia,582.8K,720.4K,,
ross_lynch,Ross Shor Lynch,10.9M,United States,468.5K,935.6K,Cinema & Actors/actresses,
asaprocky,GRIM,15M,United States,405.6K,678.2K,,
maya_hawke,Maya Hawke,10.1M,United States,723.1K,1M,Cinema & Actors/actresses,
nusr_et,Nusr_et#Saltbae,47.7M,Turkey,144.6K,212.8K,Food & Cooking,
neslihanatagul,Neslihan Atagül Doğulu,13.5M,Turkey,608.9K,776.6K,Cinema & Actors/actresses,Modeling
arigameplays,ARIGAMEPLAYS,11.5M,Mexico,727.8K,873.8K,Lifestyle,Cinema & Actors/actresses
hi_sseulgi,슬기 Seulgi,12.6M,Indonesia,634.2K,794.9K,Modeling,
whinderssonnunes,Whindersson Nunes,58.8M,Brazil,111.2K,171.9K,Humor & Fun & Happiness,
bellathorne,BELLA,25.4M,United States,232.3K,389.7K,,
nct_dream,NCT DREAM OFFICIAL,10.4M,Indonesia,845K,944K,Modeling,Fashion
burakozcivit,Burak Özçivit,22M,Turkey,371.5K,451.1K,Cinema & Actors/actresses,
luisasonza,LUÍSA SONZA,30.3M,Brazil,205.6K,325.9K,Lifestyle,
xeesoxee,한소희,9.7M,Indonesia,784.2K,1M,Lifestyle,
wwiinn_7,WINWIN,7.4M,Indonesia,1.1M,1.3M,,
paulolondra,Paulo londra,13.7M,Argentina,451K,704.9K,,
sofiacarson,Sofia Carson,20.3M,Brazil,350.6K,475.3K,Cinema & Actors/actresses,
michaelbjordan,Michael B. Jordan,18.7M,United States,310.2K,514.5K,Cinema & Actors/actresses,
hannahstocking,Hannah Stocking,22.7M,United States,297.5K,422.8K,Modeling,
sza,SZA,12.6M,United States,451.5K,763.3K,,
anguscloud,Angus Cloud,8M,United States,720.1K,1.2M,,
jy_piece,유정연,5.5M,Brazil,1.4M,1.7M,,
nba,NBA,70.6M,United States,81.9K,132.6K,Sports with a ball,
auba,Pierre-Emerick Aubameyang,13.3M,United Kingdom,445K,708.6K,Sports with a ball,
kevindebruyne,Kevin De Bruyne,18.9M,United Kingdom,320.3K,495.7K,Sports with a ball,
juanpazurita,Juanpa Zurita,30.3M,Mexico,214.9K,306.1K,Cinema & Actors/actresses,
haechanahceah,HAECHAN,4.6M,Indonesia,1.8M,2M,,
chaeyo.0,채영 (CHAEYOUNG),6.9M,Philippines,1.2M,1.4M,Lifestyle,
aron.piper,ARON🌜🌞,13.6M,Brazil,356.4K,671.5K,Lifestyle,
hassan_reyvandi,hasan reyvandi حسن ریوندی,19.7M,Iran,337.9K,466.9K,Cinema & Actors/actresses,Humor & Fun & Happiness
aespa_official,aespa 에스파,9.5M,Indonesia,674.8K,970.4K,,
rohitsharma45,Rohit Sharma,24.9M,India,324.4K,366.3K,Sports with a ball,Lifestyle
belindapop,Beli,15.6M,Mexico,405.6K,581.1K,,
dahhyunnee,다현 (DAHYUN),6.3M,Brazil,1.3M,1.5M,,
shaq,DR. SHAQUILLE O'NEAL Ed.D.,26.7M,United States,258.1K,338.5K,Humor & Fun & Happiness,Sports with a ball
kimjuncotton,SUHO,10.3M,Indonesia,732.4K,873.7K,Lifestyle,
thenotoriousmma,Conor McGregor Official,46.1M,United States,134.4K,194.9K,Fitness & Gym,
bighit_ent,BigHit Music Updates,12.9M,Indonesia,564K,694.9K,,
rauwalejandro,RAULEETO,15.1M,Spain,411.1K,596.2K,,
klrahul,KL Rahul👑,13M,India,538K,687.1K,Sports with a ball,
duki,Ya Supiste,10.6M,Argentina,541.7K,833.9K,,
sophiet,S O P H I E T U R N E R,14.7M,United States,445.6K,599.1K,Cinema & Actors/actresses,
chiaraferragni,Chiara Ferragni ✨,27.8M,Italy,189.8K,315.2K,Beauty,
toni.kr8s,Toni Kroos,35.1M,Germany,184K,249.9K,Sports with a ball,
sureshraina3,Suresh Raina,21M,India,369.3K,416.6K,Modeling,
duki,Ya Supiste,10.6M,Argentina,541.7K,833.9K,,
sophiet,S O P H I E T U R N E R,14.7M,United States,445.6K,599.1K,Cinema & Actors/actresses,
michelleobama,Michelle Obama,50.8M,United States,156.1K,174.6K,Finance & Economics,Business & Careers
chiaraferragni,Chiara Ferragni ✨,27.8M,Italy,189.8K,315.2K,Beauty,
toni.kr8s,Toni Kroos,35.1M,Germany,184K,249.9K,Sports with a ball,
sureshraina3,Suresh Raina,21M,India,369.3K,416.6K,Modeling,
ratantata,Ratan Tata,6.8M,India,1.1M,1.3M,Business & Careers,
charles_leclerc,Charles Leclerc,8.7M,Italy,763.7K,1M,Racing Sports,
alexandradaddario,alexandra daddario,22.5M,India,313.1K,382.6K,Cinema & Actors/actresses,
m_kayoung,MUN KA YOUNG,8.6M,Indonesia,765.1K,1M,Cinema & Actors/actresses,
joeyking,Joey King,19.1M,Brazil,313.9K,449.3K,Cinema & Actors/actresses,Modeling
stephencurry30,Wardell Curry,45.9M,United States,140K,187.3K,Sports with a ball,Family
houseofhighlights,House of Highlights,36.1M,United States,130K,238.1K,Sports with a ball,
lizasoberano,Liza Soberano,17.5M,Philippines,410.3K,489.4K,Beauty,Cinema & Actors/actresses
jadepicon,JADE 🌪,20.9M,Brazil,187.7K,412.9K,Modeling,Fashion
wow_kimsohyun,김소현,12.4M,Indonesia,592.1K,681.2K,Cinema & Actors/actresses,Modeling
todayis_wendy,Wendy,7.1M,Indonesia,992K,1.2M,Lifestyle,
caradelevingne,Cara Delevingne,42.8M,United States,137.4K,192.7K,Modeling,Cinema & Actors/actresses
c.syresmith,Jaden Smith,19.2M,United States,275.4K,426.2K,Cinema & Actors/actresses,Lifestyle
darshanravaldz,Darshan Raval #BaarishonMein,15.3M,India,438.6K,529.9K,,
eminem,Marshall Mathers,36.5M,Iran,171.4K,221.2K,Cinema & Actors/actresses,
lildurk,DURKIOOO,14.2M,United States,203.2K,573K,,
khabib_nurmagomedov,Хабиб Нурмагомедов,33.6M,Russia,168K,235.8K,Fitness & Gym,
barackobama,Barack Obama,35.4M,United States,191.2K,225.1K,Finance & Economics,Business & Careers
liltjay,TJAYYYY 🖤,7.6M,United States,575.8K,1.1M,Lifestyle,
9gag,9GAG: Go Fun The World,58.1M,Indonesia,105.2K,134.6K,Humor & Fun & Happiness,
fabriziorom,Fabrizio Romano,10.7M,Italy,418.5K,724.5K,Literature & Journalism,Shows
ksi,KSI,12.1M,United Kingdom,459.5K,645.3K,,
nattinatasha,NATTI NATASHA,35.9M,Mexico,179.2K,215K,Cinema & Actors/actresses,
andressasuita,Andressa Suita,15.8M,Brazil,296.2K,491.3K,Modeling,
_mariahwasa,HWASA,8.3M,Brazil,725.7K,936.4K,,
lestykejora,Lestikejora,25.9M,Indonesia,230.3K,298.5K,,
lilyachty,C.V T,10.4M,United States,363.1K,740.1K,Humor & Fun & Happiness,Lifestyle
nba_youngboy,PAIN REAL.🩸,10.6M,United States,387.5K,749.8K,,
ssinz7,박신혜/Shin Hye Park,13.8M,Indonesia,449.9K,552.8K,Cinema & Actors/actresses,
dntlrdl,CHOIWOOSHIK,6.9M,Indonesia,850.6K,1.1M,Lifestyle,
wizkidayo,BIG WIZ🦅,15.2M,Nigeria,264.7K,513.9K,,
alfinetei,Alfinetadas Dos Famosos 📌,21.8M,Brazil,155.2K,348.8K,Humor & Fun & Happiness,
gianlucavacchi,Gianluca Vacchi,22.5M,Brazil,216.3K,332.7K,Lifestyle,
yuu_taa_1026,YUTA 悠太,8.5M,Indonesia,684K,895.7K,,
kunaguero,Sergio Leonel Agüero,23.8M,Argentina,181.6K,314.1K,Sports with a ball,
prillylatuconsina96,Prilly Latuconsina,49.2M,Indonesia,107.8K,151.7K,Cinema & Actors/actresses,
kjapa,KJ Apa,18.5M,United States,279.8K,399.8K,Cinema & Actors/actresses,
weareone.exo,EXO Official,10M,Indonesia,602.4K,756.4K,,
alissaviolet,Alissa Violet,11.7M,United States,387.1K,622.8K,Modeling,
shehnaazgill,Shehnaaz Gill,11.8M,India,527.6K,657.8K,Cinema & Actors/actresses,
clean_0828,김세정,8.3M,Indonesia,712.4K,888.3K,Lifestyle,
hshq,Harry Styles HQ,6.6M,United States,638.5K,1.1M,Cinema & Actors/actresses,Fashion
deiveleonardo,Deive Leonardo,12.1M,Brazil,330.3K,608.1K,Literature & Journalism,Trainers & Coaches
markruffalo,Mark Ruffalo,20.9M,Brazil,276.4K,348.1K,Cinema & Actors/actresses,
premierleague,Premier League,59.2M,United Kingdom,83.7K,121.9K,Sports with a ball,
txt_bighit,TOMORROW X TOGETHER OFFICIAL,12.8M,Indonesia,443.9K,560.3K,,
nickyjam,NICKY JAM,43.4M,Spain,120.3K,166.4K,,
lilnasx,MONTERO,12.4M,United States,344.6K,576.5K,,
yasmine_sabri,Yasmine Sabri,19.6M,Egypt,262.9K,368.8K,Cinema & Actors/actresses,Lifestyle
taina,Tainá Costa,16.1M,Brazil,212.9K,444.8K,,
anyataylorjoy,Anya Taylor-Joy,9.1M,United States,554.7K,799.5K,Modeling,Cinema & Actors/actresses
bellapoarch,Bella Poarch,14M,United States,379.3K,512.8K,Lifestyle,
frenkiedejong,Frenkie de Jong,10.8M,Spain,443.8K,667K,Sports with a ball,
abdevilliers17,AB de Villiers,18.8M,India,328.3K,378.8K,Sports with a ball,Lifestyle
conangray,Conan Gray,6.8M,Brazil,713K,1.1M,,
mariabecerra,Maria Becerra,10.4M,Argentina,289.2K,683K,,
annakendrick47,Anna Kendrick,22.2M,United States,244.3K,319.3K,Cinema & Actors/actresses,
jinyoung_0922jy,박진영,9.9M,Indonesia,544.8K,720.5K,,
o.dembele7,Ousmane Dembélé,11.5M,Spain,358.5K,613.2K,Sports with a ball,
alwaysramcharan,Ram Charan,8.3M,India,766.5K,858.3K,Cinema & Actors/actresses,
krisjenner,Kris Jenner,49.9M,United States,92.1K,140K,Shows,Beauty
larissamanoela,Larissa Manoela,46.8M,Brazil,90.1K,149.6K,Cinema & Actors/actresses,
demetozdemir,Demet Özdemir,15.4M,India,357.8K,456.6K,Cinema & Actors/actresses,
melo,LaMelo Ball,9.2M,United States,377.5K,767.4K,Lifestyle,Sports with a ball
dqsalmaan,Dulquer Salmaan,11.1M,India,462.4K,625.8K,Cinema & Actors/actresses,
kehlani,Kehlani,14.2M,United States,314.8K,490.5K,Family,
_seorina,설인아 sᴇᴏʀɪɴᴀ,6.6M,South Korea,858.3K,1.1M,Lifestyle,Cinema & Actors/actresses
anupamaparameswaran96,Anupama Parameswaran,12.5M,India,485K,554.8K,Cinema & Actors/actresses,
marktuan,Mark Tuan,12.9M,Indonesia,423.5K,534.4K,Cinema & Actors/actresses,Modeling
evcenf,Fahriye Evcen Özçivit,13.1M,Turkey,418.9K,528.8K,Lifestyle,Beauty
yejinhand,손예진,7.1M,Indonesia,757.9K,986.8K,Cinema & Actors/actresses,
barbieferreira,barbie ferreira,6.3M,United States,609.4K,1.1M,Cinema & Actors/actresses,
mingue.k,김민규,6.1M,Indonesia,926.1K,1.1M,Lifestyle,
frenchmontana,French Montana,31M,United States,134.3K,221.2K,,
sadiomaneofficiel,Sadio Mane,12.1M,United Kingdom,390.4K,556.4K,Sports with a ball,
shaymitchell,Shay Mitchell,34.3M,United States,140.1K,196.4K,Beauty,Family
peytonlist,Peyton List,20.2M,United States,221.2K,332.5K,Cinema & Actors/actresses,
dixiedamelio,dixie,24.8M,United States,184.7K,270.7K,Clothing & Outfits,
alok,Alok,27.8M,Brazil,188.8K,241.5K,,
yaocabrera,Yao Cabrera,16.5M,Argentina,187.4K,406.8K,,
amandacerny,Amanda 𝕮𝖊𝖗𝖓𝖞,23.7M,India,175.5K,281.4K,Humor & Fun & Happiness,
parineetichopra,𝙿𝚊𝚛𝚒𝚗𝚎𝚎𝚝𝚒 𝙲𝚑𝚘𝚙𝚛𝚊 🫧,37.7M,India,153.5K,177.3K,Cinema & Actors/actresses,
gururandhawa,Guru Randhawa,32.9M,India,166.4K,204.5K,,
chelseafc,Chelsea FC,35.6M,Indonesia,125K,186.9K,Sports with a ball,
layzhang,Lay Zhang,14.2M,Indonesia,446.1K,472.5K,,
maisa,#NAME?,44.8M,Brazil,108.9K,148.4K,,
wi__wi__wi,위하준 Wi Ha Jun,10M,South Korea,556.9K,670K,Lifestyle,
madhuridixitnene,Madhuri Dixit,32.7M,India,173K,200.4K,Cinema & Actors/actresses,
jakepaul,Jake Paul,20.6M,United States,190.4K,320.4K,Cinema & Actors/actresses,
mathildtantot,Mathilde,10.1M,United States,424.6K,642.6K,Lifestyle,Modeling
for_everyoung10,장원영 WONYOUNG,5.8M,Indonesia,902.9K,1.1M,Lifestyle,
leaelui,Lea Elui G,11.4M,India,337.5K,567.2K,Modeling,Lifestyle
miguel.g.herran,Miguel Herrán,13.8M,Brazil,309.5K,465.7K,Cinema & Actors/actresses,
iscoalarcon,Isco Alarcon Suarez,25.4M,Spain,175.3K,253.7K,Sports with a ball,
jakepaul,Jake Paul,20.6M,United States,190.4K,320.4K,Cinema & Actors/actresses,
mathildtantot,Mathilde,10.1M,United States,424.6K,642.6K,Lifestyle,Modeling
leaelui,Lea Elui G,11.4M,India,337.5K,567.2K,Modeling,Lifestyle
miguel.g.herran,Miguel Herrán,13.8M,Brazil,309.5K,465.7K,Cinema & Actors/actresses,
iscoalarcon,Isco Alarcon Suarez,25.4M,Spain,175.3K,253.7K,Sports with a ball,
camilo,C A M I L O,27.5M,Argentina,146.1K,231.8K,,
leonardodicaprio,Leonardo DiCaprio,54.7M,United States,94.1K,117.5K,Cinema & Actors/actresses,
jennaortega,Jenna Ortega,8.6M,United States,523.2K,745.3K,Cinema & Actors/actresses,Lifestyle
susana.dxoxo,Susane Damouni,13.5M,India,299.2K,482.4K,,
teddysphotos,Ed Sheeran,40.3M,United States,114.2K,155.4K,,
channingtatum,Channing Tatum,17M,United States,254.7K,367.1K,Cinema & Actors/actresses,
vanessahudgens,🔮Vanessa Hudgens🔮,47.1M,United States,80.4K,132K,Cinema & Actors/actresses,
antogriezmann,Antoine Griezmann,36.6M,Spain,105.1K,169.4K,Sports with a ball,
florencepugh,Florence Pugh,7.9M,United States,523.2K,800K,Humor & Fun & Happiness,Cinema & Actors/actresses
jessnolimit,Jess No Limit,7.3M,Indonesia,716.3K,858.2K,Shows,
vinniehacker,†,5.9M,United States,506.6K,1.1M,Lifestyle,
saweetie,,13.1M,United States,201.8K,469.2K,Cinema & Actors/actresses,
adidasfootball,adidas Football,31.7M,Brazil,141.6K,193.1K,Sports with a ball,
i_m_hendery,Hi👉🏻im Hendery👈🏻,6.4M,United States,755.2K,978.8K,,
loud_victor,Victor Augusto,10.7M,Brazil,449.1K,573.9K,Lifestyle,Sports with a ball
xuminghao_o,The8 디에잇,5.4M,Indonesia,908.9K,1.1M,,
polo.capalot,Polo.G🐐,10.5M,United States,349.3K,574.8K,,
adamweitsman,Adam Weitsman,18.3M,Russia,242.4K,330.8K,Business & Careers,
corinnakopf,corinna kopf,6.8M,United States,586.7K,898.1K,Beauty,
romeosantos,Romeo Santos,19.3M,United States,255.5K,316.4K,,
nianaguerrero,Niana,14.2M,Indonesia,335.3K,420.7K,Kids & Toys,
lilpeep,lil peep,7.6M,United States,475.6K,799.9K,,
juventus,Juventus,54.8M,India,75.5K,110.5K,Sports with a ball,
vegetta777,♈️ Samuel De Luque ♈️,6.2M,Mexico,715.6K,976.1K,,
davikah,davikah,17.1M,Thailand,269.2K,348.7K,Modeling,
vickykaushal09,Vicky Kaushal,14.2M,India,357.8K,419.9K,Lifestyle,Cinema & Actors/actresses
aliiiiiiiikarimi8,Ali Karimi,9.8M,Iran,415.5K,630.7K,Sports with a ball,
goar_avetisyan,Goar Avetisyan,11.7M,Russia,370K,512.5K,Beauty,
navidmohammadzadeh,navid mohammadzadeh,8.6M,Iran,495.9K,700.1K,Cinema & Actors/actresses,
jokowi,Joko Widodo,48.1M,Indonesia,98.8K,124.7K,Finance & Economics,
pablogavi,GAVI,5.9M,Spain,685.1K,1M,Sports with a ball,
djxiao_888,XIAOJUN,7M,Indonesia,685K,856.8K,,
fuji_an,Fujianti Utami Putri,11.8M,Indonesia,208.5K,495.9K,Lifestyle,
easportsfifa,EA SPORTS FIFA,27.2M,Spain,127.9K,214.5K,Sports with a ball,
coldplay,Coldplay,17.6M,Brazil,237.8K,331.2K,,
cazzu,♡ 𝖓𝖊𝖓𝖆 ᴛʀᴀᴍᴘᴀ,10.5M,Argentina,430.8K,552.1K,,
joshu_acoustic,Joshua Hong,5M,India,997.2K,1.2M,,
kyo1122,Song hyekyo,13.4M,Indonesia,336.7K,428.7K,Cinema & Actors/actresses,
tiffanyyoungofficial,tiffany young,12.8M,Indonesia,359.6K,449.9K,Modeling,Fashion
dababy,BILLION DOLLAR BABY 👶🏾,21.3M,United States,166.7K,271.1K,,
yangyang_x2,YangYang 양양,6.4M,Indonesia,714.5K,907.2K,,
jailyneojeda,Jailyne Ojeda Ochoa,14.1M,United States,293.3K,405.7K,Modeling,Lifestyle
obj,Odell Beckham Jr,16.4M,United States,182.6K,347.6K,Sports with a ball,
bernardokath,Kathryn Bernardo 🐘,17.4M,Philippines,270.7K,326.2K,Beauty,Cinema & Actors/actresses
simonemendes,Simone Mendes,35.5M,Brazil,128K,161.5K,,
gisele,Gisele Bündchen,19.7M,Brazil,194.8K,289.5K,Modeling,Fashion
ana_d_armas,A N A   D E   A R M A S,7.9M,United States,533.3K,721.4K,Cinema & Actors/actresses,
nazriyafahadh,Nazriya Nazim Fahadh,6.4M,India,666.1K,892.3K,Lifestyle,Cinema & Actors/actresses
rachel_mypark,박민영 Minyoung Park,10.3M,Indonesia,433.5K,540K,Cinema & Actors/actresses,
phil.coutinho,Philippe Coutinho,24.9M,Brazil,136.7K,222.1K,Sports with a ball,
nicholasgalitzine,Nicholas Galitzine,4.1M,Brazil,817.7K,1.4M,Cinema & Actors/actresses,
sound_of_coups,COUPS,4.5M,Indonesia,986.3K,1.3M,,
cocielo,Júlio Cocielo Estaniecki,19.2M,Brazil,182.4K,285.6K,Cinema & Actors/actresses,
julesleblanc,julianna,9.8M,United States,392.3K,567.7K,Shows,
anjimaxuofficially,Anjali Arora,11.9M,India,363.2K,464.8K,Lifestyle,Cinema & Actors/actresses
kit.connor,Kit Connor,4.5M,United States,734.8K,1.2M,Cinema & Actors/actresses,Humor & Fun & Happiness
jackharlow,,6.9M,United States,425.9K,795.1K,Lifestyle,Humor & Fun & Happiness
euphoria,euphoria,7.8M,United States,434.3K,700.8K,Photography,Cinema & Actors/actresses
lucasranngel,LUCAS RANGEL,20.1M,Brazil,121.4K,268.8K,Lifestyle,
briandadeyanara,BRIANDA 💖,13.5M,Mexico,337.5K,396.3K,Lifestyle,
daquan,Daquan,16.7M,United States,207.3K,319.7K,Humor & Fun & Happiness,
sommerray,Sommer Ray,26.3M,United States,129.5K,203.2K,Modeling,
theshilpashetty,Shilpa Shetty Kundra,26.5M,India,173.5K,201.6K,Cinema & Actors/actresses,
charlieputh,Charlie Puth,16.7M,United States,222.8K,316.7K,,
golfarahani,Golshifteh Farahani,13.7M,Iran,301.7K,388.9K,Cinema & Actors/actresses,
choquei,CHOQUEI,17.5M,Brazil,97.1K,301.6K,Literature & Journalism,
kingbach,King Bach,23.1M,United States,113.3K,227.2K,Cinema & Actors/actresses,Modeling
dra.deolanebezerra,Deolane Bezerra ⚖️,15M,Brazil,163.6K,351.3K,Beauty,Lifestyle
lexibrookerivera,Lexi Rivera,8.5M,United States,512K,640.5K,Shows,Humor & Fun & Happiness
yooncy1,윤찬영 Yoon chanyoung,4.9M,South Korea,904.7K,1.1M,Lifestyle,
k.kbeom,김범 kimbum,5.4M,Indonesia,798.4K,977.1K,,
angelinajolie,Angelina Jolie,13.6M,Brazil,232.4K,384.9K,,
liamhemsworth,Liam Hemsworth,13M,United States,280.9K,398.9K,Cinema & Actors/actresses,
klaythompson,Klay Thompson,13.4M,United States,267.5K,388.8K,Sports with a ball,Lifestyle
caviarmagnat,Anton Tregubov,15.1M,Russia,239.3K,345.9K,Lifestyle,
melissamelmaia,MEL MAIA 🍯,13.5M,Brazil,211.4K,383K,,
soohyun_k216,김수현 Kim Soo Hyun 金秀賢,13.9M,Indonesia,304.8K,371K,,
yerimiese,Yeri,10.7M,Indonesia,386.7K,478.9K,Lifestyle,
superstar_dewasi99,SUPERSTARDEWASI 99,13.5M,India,241.7K,381.8K,Cinema & Actors/actresses,
d_degeaofficial,David De Gea,13.8M,United Kingdom,264.2K,373.9K,Sports with a ball,
urstrulymahesh,Mahesh Babu,8.8M,India,534.1K,588K,Cinema & Actors/actresses,
angeldimariajm,Ángel Di María,18.5M,Argentina,186.7K,275.2K,Sports with a ball,
fuckjerry,FUCKJERRY,16.8M,United States,236.6K,306K,Humor & Fun & Happiness,
__youngbae__,TAEYANG,13.6M,Indonesia,331K,373.9K,,
d_a___m_i,KIM DA MI,4.6M,Indonesia,900K,1.1M,,
salmahayek,Salma Hayek Pinault,21.6M,United States,189.1K,233.8K,Cinema & Actors/actresses,
lakers,Los Angeles Lakers,20.2M,United States,161.7K,247.9K,Sports with a ball,
actorsuriya,Suriya Sivakumar,5.4M,India,733.8K,952.3K,Cinema & Actors/actresses,
yugyeom,KYUM,11.5M,Brazil,364.6K,437.4K,Cinema & Actors/actresses,
dindahw,Dinda Hauw,14.6M,Indonesia,228.7K,342.4K,Cinema & Actors/actresses,
dylansprouse,Dylan Sprouse,9.1M,United States,352.5K,553.4K,Cinema & Actors/actresses,
sav.labrant,Savannah Rose LaBrant,7.1M,United States,518.8K,693.9K,Family,Lifestyle
riteishd,Riteish Deshmukh,15.3M,India,272.7K,318.6K,Cinema & Actors/actresses,
ozuna,@ozutochi 🔜,22.5M,Spain,160.7K,215.6K,,
xsqueezie,,7.9M,France,526.4K,615.6K,Lifestyle,
emiliamernes,Emilia Mernes,6.2M,Argentina,415K,781K,,
nehasharmaofficial,Neha Sharma 💫,14.8M,India,280.7K,322.5K,Cinema & Actors/actresses,
sommerray,Sommer Ray,26.3M,United States,115.2K,180.9K,Modeling,
srinidhi_shetty,Srinidhi Shetty 🌸,4.4M,India,818.6K,1.1M,Beauty,Cinema & Actors/actresses
shreyaghoshal,shreyaghoshal,24.8M,India,171.2K,191.2K,,
memezar,MEMEZAR • Comedy and Culture,23M,United States,137.2K,204.5K,Cinema & Actors/actresses,
chloegmoretz,Chloë Grace Moretz,21.5M,United States,163.2K,218.3K,Cinema & Actors/actresses,
warriors,Golden State Warriors,25.5M,United States,132K,183K,Lifestyle,Sports with a ball
gusttavolima,🏛 Gusttavo Lima 🏛,44M,Brazil,64.7K,107.2K,,
kun11xd,KUN,6.9M,Indonesia,552.5K,689.6K,Lifestyle,
lukehemmings,Luke Hemmings,7.9M,United States,351.7K,599.7K,,
juansguarnizo,Juan Sebastián Guarnizo,6.3M,Mexico,683.7K,748.7K,Lifestyle,
amauryguichon,Amaury Guichon,9.5M,United States,404K,492.3K,Food & Cooking,
phoebejtonkin,Phoebe Tonkin,8.4M,United States,388.3K,554.1K,Beauty,Cinema & Actors/actresses
nita_shilimkar,Nita Shilimkar,11.5M,India,301.8K,398.6K,Lifestyle,Fashion
gessicakayane,GKAY,20M,Brazil,111.7K,231.2K,Shows,Humor & Fun & Happiness
nessabarrett,ness,7.3M,United States,470.7K,637.9K,Lifestyle,
liverpoolfc,Liverpool Football Club,40.3M,United Kingdom,81K,113.1K,Sports with a ball,
dew_jsu,2000,6.3M,Indonesia,544.5K,732.3K,Beauty,Lifestyle
itsmarziapie,Marzia Kjellberg,8.3M,United States,450.1K,549.9K,Beauty,Lifestyle
lizakoshy,Liza Koshy,20.2M,United States,167K,222.4K,Cinema & Actors/actresses,
hztttao,Z.TAO🔴黄子韬,11.3M,Indonesia,357.9K,398.3K,,
pozevidalouca,Poze Do Rodo 🤑,8.2M,Brazil,223.1K,560.8K,Lifestyle,
icc,ICC,24.1M,India,153.9K,184.6K,Sports with a ball,
sushitrash,JOJI,6.5M,United States,570.6K,698.1K,,
hugogloss,Hugo Gloss,20.3M,Brazil,110.9K,218.7K,Literature & Journalism,Humor & Fun & Happiness
donya,Donya,15.3M,Iran,194.2K,308.6K,Lifestyle,
lilyrose_depp,Lily-Rose Depp,6.7M,United States,421.7K,662.8K,Modeling,
sportscenter,SportsCenter,31.8M,United States,76.6K,137.3K,Sports with a ball,Shows
leejen_o_423,LEE JENO,2.2M,,0,2.3M,,
asabopp,Asa Butterfield,5.7M,Brazil,521.7K,762.7K,Cinema & Actors/actresses,
naileadevora,nai,5.3M,United States,560.6K,828.5K,Lifestyle,
actorprabhas,Prabhas,8.8M,India,443.3K,496.3K,Shows,Cinema & Actors/actresses
amitabhbachchan,Amitabh Bachchan,31.1M,India,119.6K,138.3K,Cinema & Actors/actresses,
missasinfonia,MissaSinfonia,5.8M,Mexico,667.4K,747.7K,Cinema & Actors/actresses,
sandrinna_11,Drinna 🖤,10.7M,Indonesia,311.1K,396.8K,Lifestyle,
theellenshow,Ellen DeGeneres,125.1M,United States,28.4K,34.2K,Shows,Cinema & Actors/actresses
jeonghaniyoo_n,윤정한,3.6M,Iran,935.4K,1.2M,Lifestyle,
memphisdepay,Memphis Depay,15.4M,France,155.7K,277.2K,Sports with a ball,
aishwaryaraibachchan_arb,AishwaryaRaiBachchan,10.4M,India,318.2K,406.6K,Cinema & Actors/actresses,
otabek_muhammadalievich,Otabek Umarov,20M,Russia,157.4K,211.9K,,
pedri,Pedri González,7.1M,Spain,0,598.5K,Sports with a ball,
reesewitherspoon,Reese Witherspoon,28.3M,United States,124.4K,149.2K,Cinema & Actors/actresses,
marcusrashford,Marcus Rashford MBE,12.8M,United Kingdom,206.6K,326.9K,Sports with a ball,
matue,,8.1M,Brazil,288.8K,530.6K,Lifestyle,Sports with a ball
alexadellanos,Alexa Dellanos,9.8M,United States,276.5K,432.6K,Lifestyle,
faz3,Fazza,14.7M,United Arab Emirates,221.1K,289.9K,Lifestyle,
ronaldo,Ronaldo,23.5M,Brazil,103.4K,178.3K,Sports with a ball,
araikgalstyanmoscowschool,ＡＲＡＩＫ  ＧＡＬＳＴＹＡＮ®️,16.3M,Turkey,197.6K,255.7K,Beauty,
l7nnon,L7,8.8M,Brazil,200.9K,477.2K,Lifestyle,
l7nnon,L7,8.8M,Brazil,200.9K,477.2K,Lifestyle,
avrillavigne,Avril Lavigne,11.7M,Brazil,284.5K,354.2K,Cinema & Actors/actresses,Fashion
karelyruiz,Karely Ruiz,7M,Mexico,472.4K,593K,Lifestyle,
rizkybillar,Muhammad Rizky Billar,12.9M,Indonesia,248.5K,321K,Shows,Beauty
victoriajustice,Victoria Justice,22.9M,United States,131.1K,179.4K,Cinema & Actors/actresses,Modeling
vousmevoyez,KRYSTAL,10.4M,Indonesia,304.7K,395.2K,Cinema & Actors/actresses,
zoeisabellakravitz,Zoë Kravitz,8.4M,United States,323.3K,490.4K,Cinema & Actors/actresses,
egupta,Esha Gupta,11.6M,India,280.6K,351.3K,Lifestyle,Cinema & Actors/actresses
catherinemcbroom,Catherine Paiz,7.3M,United States,329.5K,565.9K,Family,
malutrevejo,Malú 🦋 222🎤,11.5M,United States,197.2K,353.8K,,
elmarianaa,El Mariana,4.5M,Mexico,809.5K,919.4K,,
avengers,Avengers,13.6M,India,238.8K,299.1K,Cinema & Actors/actresses,
skaijackson,S K A I,8M,United States,290.5K,512.7K,Lifestyle,
iam_linyi,我是林一同学,4M,Indonesia,781K,1M,,
yihyun_1208,조이현 cho yihyun,5.2M,South Korea,618.9K,783.4K,Lifestyle,
nickjonas,Nick Jonas,33.1M,United States,86.1K,122.5K,,
everyone_woo,Wonwoo,3.4M,Indonesia,935.5K,1.2M,,
aleoliveiracm,Alê Oliveira,8.5M,Brazil,198K,507.9K,Humor & Fun & Happiness,
nikkietutorials,NikkieTutorials,16.5M,United States,178K,242.2K,Beauty,
centralcee,📲,4.4M,United Kingdom,373.4K,914.7K,Lifestyle,
andreavaldirisos,ANDREA VALDIRI 🇨🇴,8.7M,Colombia,326.9K,465K,Lifestyle,Beauty
pledis_boos,승관 SEUNGKWAN,4.5M,Indonesia,732.3K,888.4K,,
jenna_chew,JENNA 周甄娜,7.9M,United States,414.7K,506.2K,Fitness & Gym,
simaria,Simaria Mendes,28.3M,Brazil,96.5K,140.4K,,
romanreigns,Joe Anoai aka “Roman Reigns”,6.6M,India,471.8K,612.4K,Lifestyle,
netflixbrasil,Netflix Brasil,32.6M,Brazil,70.7K,120.8K,Shows,Cinema & Actors/actresses
piawurtzbach,Pia Wurtzbach,13.8M,Philippines,234.5K,282.8K,Beauty,Modeling
soueunavida,Sou Eu Na Vida,18.1M,Brazil,114.5K,218.5K,Humor & Fun & Happiness,
kenzie,kenzie ♡,14.8M,United States,171.2K,260.5K,,
ozgecangurelofficial,Özge Gürel,5.8M,Turkey,553.2K,679.9K,Cinema & Actors/actresses,
adinross,,3.6M,United States,607.6K,1.2M,,
realcoleworld,Cole World,7.7M,United States,266.4K,506.4K,,
mancity,Manchester City,34.3M,United Kingdom,83K,112.1K,Sports with a ball,
perspolis,Persepolis,8.3M,Iran,335.2K,476.4K,Sports with a ball,
lacasadepapel,La Casa de Papel,12.6M,Brazil,202.5K,304.4K,Cinema & Actors/actresses,Shows
cvillaloboss,CARMEN VILLALOBOS,20.5M,Colombia,151.4K,186.7K,Shows,Cinema & Actors/actresses
jeromepolin,Jerome Polin Sijabat ジェローム,7M,Indonesia,379K,555.5K,Education,Humor & Fun & Happiness
sarahhyland,Sarah Hyland,9.9M,United States,310.1K,387.7K,Cinema & Actors/actresses,Lifestyle
dejesusoficial,Gabriel Jesus,18.4M,Brazil,132.4K,205K,Sports with a ball,
aliandooo,Aliando Syarief,17.1M,Indonesia,144.1K,229.9K,Cinema & Actors/actresses,
aslisona,Sonakshi Sinha,23.3M,India,134.4K,162.6K,Cinema & Actors/actresses,Lifestyle
playstation,PlayStation,28.9M,United States,107.3K,131.4K,Computers & Gadgets,
drewstarkey,Drew Starkey,3.1M,United States,622.4K,1.2M,Cinema & Actors/actresses,
youngdae0302,김영대,4.5M,Indonesia,636.2K,839.8K,,
sanchooo10,Jadon Sancho,8.9M,United Kingdom,244.6K,427.7K,Sports with a ball,
lamborghini,Lamborghini,32.2M,India,83.8K,115.6K,Luxury,Cars & Motorbikes
geewonii,김지원,7.7M,Indonesia,369.8K,486.8K,,
taylor_hill,Taylor Hill,20.5M,United States,121K,180.5K,Fashion,Modeling
sooyoungchoi,Sooyoung Choi,7.4M,Indonesia,421.3K,508.5K,Beauty,Lifestyle
natashawilona12,Natasha Wilona,39.4M,Indonesia,78.5K,93.7K,Beauty,
chrissyteigen,chrissy teigen,39.1M,United States,72K,94K,Shows,Modeling
francinyehlke,Franciny Ehlke,15.6M,Brazil,107.9K,235.9K,Beauty,
dacremontgomery,Dacre Montgomery,8.8M,United States,314.2K,419.9K,Cinema & Actors/actresses,
lizzobeeating,Lizzo,12.9M,United States,204.1K,286K,Lifestyle,Cinema & Actors/actresses
dylanminnette,Dylan Minnette,7.3M,United States,312.1K,507.4K,Cinema & Actors/actresses,
nita_shilimkar,Nita Shilimkar,11.5M,India,240.5K,318K,Lifestyle,Fashion
phoebejtonkin,Phoebe Tonkin,8.4M,United States,309.4K,441.6K,Beauty,Cinema & Actors/actresses
39saku_chan,Sakura Miyawaki,4.3M,Indonesia,708K,873.1K,Lifestyle,Cinema & Actors/actresses
rogerfederer,Roger Federer,9.8M,Spain,294.3K,380.8K,Sports with a ball,
geneliad,Genelia Deshmukh,10.4M,India,282.6K,350K,Cinema & Actors/actresses,
dbook,Devin,5.4M,United States,349.4K,687K,Lifestyle,Sports with a ball
theslumpgod,Stokeley,5.4M,United States,398.5K,693.5K,,
paulwalker,Paul Walker,15.1M,India,175.9K,241.1K,Cinema & Actors/actresses,
iampauloandre,Paulo André 🏁,9.9M,Brazil,135.4K,381.2K,Photography,Lifestyle
parishilton,Paris Hilton,20.2M,United States,109.3K,180.6K,Modeling,
maudyayunda,Maudy Ayunda,17.2M,Indonesia,143.2K,211.1K,,
blonded,Frank,3.7M,United States,529.9K,990.1K,,
djsnake,djsnake,9.7M,India,318.5K,378.2K,,
achrafhakimi,Achraf Hakimi,10.1M,Morocco,244.3K,359K,Sports with a ball,
bleacherreport,Bleacher Report,19.6M,United States,94.3K,186.1K,Sports with a ball,
offsetyrn,OFFSET,19.9M,United States,102.6K,183.9K,,
narins_beauty,••Narins Beauty••,9.3M,Syria,329.8K,405.2K,Lifestyle,
kyrieirving,Hélà,17.2M,United States,140.2K,212.1K,Sports with a ball,
myketowers,MICHAEL,9.5M,Spain,216K,389.6K,,
burcuozberk,Burcu Özberk,9.3M,Turkey,305.4K,395.5K,Cinema & Actors/actresses,
chrismcg,Christopher McGinnis,11.1M,United States,147.2K,324K,,
indiancricketteam,Team India,25.6M,India,119.9K,139.9K,Sports with a ball,
oprah,Oprah,21.5M,United States,143.7K,169.8K,Cinema & Actors/actresses,Shows
machinegunkelly,the Blonde Don,9.7M,United States,233.4K,375.2K,,
elliotpage,,6.2M,United States,405.1K,583.1K,Cinema & Actors/actresses,
raashiikhanna,Raashii Khanna,8.6M,India,350.6K,417.9K,Cinema & Actors/actresses,
beautifuldestinations,BEAUTIFUL DESTINATIONS,24.7M,United States,107.6K,144.3K,Photography,Travel
madisonbaileybabe,Maddie Baby,6.7M,United States,288.9K,541K,Lifestyle,Cinema & Actors/actresses
rishabpant,Rishabh Pant,6.9M,India,439.7K,522.3K,Lifestyle,Sports with a ball
ho5hi_kwon,HOSHI,3.6M,Indonesia,765.2K,995.2K,Lifestyle,
bigsean,BIGSEAN,15.4M,United States,125.4K,228.8K,,
brfootball,Bleacher Report Football,12.6M,United States,172.1K,278.1K,Sports with a ball,
kingryan,Ryan Garcia,9M,United States,261.4K,394.8K,Fitness & Gym,
andresiniesta8,Andres Iniesta,40.2M,Spain,60K,87K,Sports with a ball,
alvxaro,ALVARO,9.9M,Brazil,144.6K,362.4K,Lifestyle,
willevy,William  Levy / Actor Producer,10.9M,Brazil,242.1K,326.1K,Shows,Cinema & Actors/actresses
pokimanelol,pokimane 🤍,6.2M,United States,436.7K,575.3K,Lifestyle,Shows
jamorant,12 🥷🏽🖤,7.7M,United States,284.6K,459.9K,Winter sports,Sports with a ball
amadorat,N I C O L E   A M A D O 🐉,8.3M,Mexico,378.8K,423.3K,Fashion,Lifestyle
smriti_mandhana,Smriti Mandhana,6.5M,India,472.1K,547K,Sports with a ball,
marinaruybarbosa,Marina Ruy Barbosa,40.9M,Brazil,56.3K,85.9K,Cinema & Actors/actresses,
alishalehmann7,Alisha Lehmann,8.2M,Brazil,227.8K,430.1K,Sports with a ball,
bhadbhabie,Bhabie,16.4M,United States,112.4K,210.9K,,
dear.zia,𝑓𝑟𝑒𝑒𝑧𝑖𝑎 .🌼,3.7M,South Korea,839.7K,944.5K,,
haifawehbe,Haifa Wehbe,10.5M,Iraq,226.6K,331.8K,,
dkharbour,David Harbour,9.7M,United States,274.5K,359.7K,Cinema & Actors/actresses,
eilirjani,Elton ILIRJANI,10.4M,Albania,229.1K,330.8K,Adult content,
agnezmo,AGNEZ MO,29M,Indonesia,71.3K,118.4K,,
staceysolomon,Stacey Solomon,5.4M,United Kingdom,536.2K,645.9K,Family,
supercarblondie,Alex - that girl with the Cars,10.8M,India,200.1K,317.1K,Cars & Motorbikes,
arishfakhan138,Sayyed Arishfa Khan 💎,29.4M,India,96.6K,117.3K,Cinema & Actors/actresses,
sebastianyatra,Sebastian Yatra,29.8M,Argentina,82.3K,114.9K,,
yg_treasure_official,TREASURE (트레저),5.6M,Indonesia,483.4K,618.5K,,
karljacobs,Karl Jacobs,4.3M,United States,618.4K,805.4K,,
rezagolzar,Mohammad Reza Golzar,12.3M,Iran,197.2K,288K,Cinema & Actors/actresses,
saharghoreyshiofficialpage,سحر قريشى Sahar Ghoreyshi,11.5M,Iran,203.9K,297.9K,,
f1,FORMULA 1®,20.7M,Italy,129.3K,163.5K,Racing Sports,
wos.ds3,Valentín Oliva,6.6M,Argentina,341.4K,522.4K,,
dk_is_dokyeom,도겸,3.5M,Iran,825.4K,994.2K,Lifestyle,
sonambajwa,Sonam Bajwa,8.2M,India,330.2K,422K,Cinema & Actors/actresses,
demirose,Demi 🌹,19.9M,United States,130.7K,170.4K,Modeling,Lifestyle
21savage,,13.6M,United States,140.2K,246.4K,,
apple,apple,28.1M,India,88.2K,118.8K,Computers & Gadgets,Photography
jxxvvxxk,이재욱,3.9M,Indonesia,694.3K,872.8K,,
umutisler,Umut İşler,11M,India,188K,302.2K,Food & Cooking,
grantgust,Grant Gustin,7.8M,Brazil,305.4K,432.7K,Cinema & Actors/actresses,Fashion
huddy,Chase Hudson,11.6M,United States,206.8K,285K,Lifestyle,
vernonline,Vernon 버논,4.6M,Japan,543.6K,719.1K,,
hichasestokes,,7.4M,United States,301.7K,452K,Humor & Fun & Happiness,Lifestyle
netflix,Netflix US,31.2M,Brazil,64.1K,105.2K,Cinema & Actors/actresses,Shows
kittychicha,🖤KITTY CHICHA🐱,4.3M,Philippines,635.9K,771.1K,,
ederbez,Eugenio Derbez,18.6M,Mexico,156.3K,175.6K,Cinema & Actors/actresses,Lifestyle
amybethmcnulty,Amybeth,7.8M,Brazil,307.9K,423K,Lifestyle,Cinema & Actors/actresses
viihtube,Viih Tube,23.6M,Brazil,73.2K,138.2K,Cinema & Actors/actresses,
juki_lop,JukiLop,9.4M,Mexico,300K,349.1K,Shows,Family
espn,ESPN,23.7M,United States,75.4K,137K,Sports with a ball,
simonettalein,Simonetta Lein,12.4M,India,188.8K,260.1K,Beauty,Cinema & Actors/actresses
yasminabdelaziz_,Yasmin Abdelaziz,16.2M,Egypt,169.8K,200.9K,Cinema & Actors/actresses,
miamalkova,Mia Malkova,11.1M,India,215.3K,291.6K,Cinema & Actors/actresses,
adrianalima,Adriana Lima,14.9M,United States,146.4K,215.4K,Modeling,Fashion
shivangijoshi18,शिवांगी जोशी,7.4M,India,365.1K,439.5K,Lifestyle,
davidluiz23,David Luiz,22.2M,Brazil,65.8K,144.6K,Sports with a ball,
saipallavi.senthamarai,Sai Pallavi,6.1M,India,462.7K,530.8K,Cinema & Actors/actresses,
sonamkapoor,Sonam Kapoor Ahuja,33.5M,India,80.6K,95.3K,Fashion,Modeling
adamsandler,Adam Sandler,13.6M,United States,184.7K,235.5K,Cinema & Actors/actresses,
noorstars,نور ستارز | Noor Stars,13.3M,Iraq,180.7K,242.1K,Shows,
jennifer.garner,Jennifer Garner,13.6M,United States,206.4K,233.8K,Cinema & Actors/actresses,
troyesivan,troye sivan,13.4M,United States,164.1K,235.7K,Fashion,Modeling
jaybnow.hr,LIM JAE BEOM,6.9M,United States,353.6K,464K,,
litkillah,MAWZ💬,8.1M,Argentina,298.2K,393K,,
schwarzenegger,Arnold Schwarzenegger,22.6M,United States,118.9K,139.8K,Cinema & Actors/actresses,Fitness & Gym
wayvofficial,WayV,7.5M,Indonesia,358.9K,427.4K,,
giannis_an34,Giannis Ugo Antetokounmpo,13.3M,United States,147.9K,233.9K,Sports with a ball,
dagelan,Dagelan,21M,Indonesia,89K,151K,Humor & Fun & Happiness,
_abu_saalim_,ABU SAALIM,3M,India,446.5K,1.1M,Photography,Cinema & Actors/actresses
pooorblack,Pooorblack,4.9M,Iran,503.5K,652.1K,,
trentarnold66,Trent Alexander-Arnold,7.8M,United Kingdom,275.4K,403.3K,Lifestyle,Sports with a ball
earthpix,🌎  EarthPix  🌎,23.2M,United States,102.8K,133.3K,Nature & landscapes,Photography
maneskinofficial,Måneskin,6.2M,Italy,356.3K,502.8K,Modeling,Cinema & Actors/actresses
nodal,Christian Nodal 🇲🇽 🌵💚,9.4M,Mexico,229.1K,336.8K,,
ivan_buhaje,spreen,3.1M,Argentina,825.8K,1M,,
joshuadun,jøsh dun,6.2M,United States,415.7K,507.8K,,
juliopfernandez,J U L I O   P E Ñ A   F. D E Z,3.4M,Brazil,714.9K,909.3K,,
sonu_sood,Sonu Sood,17.4M,India,154.7K,177K,Cinema & Actors/actresses,
voguemagazine,Vogue,40.3M,United States,50.5K,76.1K,Literature & Journalism,Fashion
valentinazenere,Valentina Zenere,10.1M,Brazil,248.4K,302.5K,Modeling,Lifestyle
shikhardofficial,Shikhar Dhawan,11.4M,India,234.5K,268.3K,Sports with a ball,
nancyajram,Nancy Ajram,33.3M,Iraq,72.5K,92.7K,,
mclomaofficial,Paloma Santos 🐟,8.3M,Brazil,218.9K,375.2K,,
rodwave,RodWave,5.6M,United States,254.6K,566.1K,,
yamigautam,Yami Gautam Dhar,16.4M,India,160.2K,186K,Cinema & Actors/actresses,
madonna,Madonna,18.5M,Italy,112.6K,168.1K,,
fcbayern,FC Bayern,34M,Germany,61.1K,89.6K,Sports with a ball,
lacikaysomers,Laci Kay Somers,12.2M,United States,148.5K,254.1K,Modeling,
sincerooficial,Sincero Oficial,21.7M,Brazil,72.4K,140K,Humor & Fun & Happiness,
ewsbdi,로운,4.7M,Indonesia,439.6K,657.1K,,
nikefootball,Nike Football (Soccer),45.4M,Brazil,42.8K,66.1K,Sports with a ball,Clothing & Outfits
candiceking,Candice King,10M,Brazil,214.1K,298.4K,Family,Lifestyle
beberexha,Bebe Rexha,10.7M,India,189.3K,279.9K,Lifestyle,
rockstargames,Rockstar Games,23.3M,United States,104.5K,129.6K,Cars & Motorbikes,
onwardwanna,"Javon ""Wanna"" Walton",6M,United States,301.8K,503.8K,Lifestyle,Cinema & Actors/actresses
diljitdosanjh,DILJIT DOSANJH,14M,India,176.8K,213K,Cinema & Actors/actresses,
emmaroberts,Emma Roberts,18.3M,United States,110K,162.4K,Cinema & Actors/actresses,
filiperet,Retchê,7.7M,Brazil,153.9K,392.8K,Lifestyle,Photography
vanessalopesr_,Vanessa Lopes,12.3M,Brazil,73.7K,240.2K,Lifestyle,
harshasai_,Harsha sai,2.7M,India,958.9K,1.1M,Shows,
ahmedabohashima,Ahmed Abouhashima,17.3M,Egypt,125.9K,170K,Business & Careers,Finance & Economics
ncentineo,Noah,16.5M,Brazil,106.8K,177.6K,Cinema & Actors/actresses,
galatasaray,Galatasaray,11.6M,Turkey,209.4K,253.5K,Sports with a ball,
yefersoncossio,Yef,9.8M,Colombia,208.9K,305.3K,Lifestyle,
arsenal,Arsenal,22.8M,United Kingdom,85.3K,129.1K,Sports with a ball,
borodylia,Ксения Бородина,19.1M,Russia,124K,152.9K,Shows,Family
willyrex,Willyrex,8.8M,Spain,284.4K,337.2K,Shows,
snoopdogg,snoopdogg,76M,United States,27.3K,38.9K,Lifestyle,
djokernole,Novak Djokovic,11.3M,Serbia,209.8K,258.4K,Sports with a ball,
ishowspeed,IShowSpeed,3.7M,United Kingdom,575.1K,813.8K,Lifestyle,
jackblack,Jack Black,8.9M,United States,251.8K,328.8K,Cinema & Actors/actresses,
normani,Normani,7.3M,United States,256.8K,401.3K,,
courteneycoxofficial,Courteney Cox,12.2M,India,178.9K,236.7K,Cinema & Actors/actresses,
shxxbi131,B.I,4M,Indonesia,620.4K,726.6K,Lifestyle,
jaspritb1,jasprit bumrah,9.8M,India,256.6K,294.8K,Lifestyle,Sports with a ball
marimaria,Mari Maria,20.2M,Brazil,74.2K,142.9K,Beauty,
t22felton,Tom Felton,11.9M,United States,186.8K,242K,Cinema & Actors/actresses,
jenniferwinget1,Jennifer Winget,13.5M,India,175.3K,213.2K,Cinema & Actors/actresses,
spacex,SpaceX,15.8M,United States,148.7K,180.9K,Science,Machinery & Technologies
virgilvandijk,Virgil van Dijk,12.6M,United Kingdom,159.8K,226.4K,Sports with a ball,
i_nivethathomas,Nivetha Thomas,6.1M,India,412K,466K,Cinema & Actors/actresses,
chaelincl,CL,10.3M,Brazil,206.3K,272.9K,Fashion,Modeling
subo_m,Subhan Mamedov,10.1M,Russia,229.5K,281K,Shows,
klarafgcastanho,Klåra Cåstanho,7.4M,Brazil,198.7K,385.5K,Cinema & Actors/actresses,
miketyson,Mike Tyson,19.2M,United States,114K,146.9K,Fitness & Gym,
streetartglobe,StreetArtGlobe ™ 😱,16.6M,United States,124.4K,168.9K,,
nabilla,Nabilla Vergara ✨,8M,France,258.3K,355.4K,Beauty,
hadise,Hadise,13.8M,Turkey,173.6K,202.4K,Shows,
davidalaba,David Alaba,10.6M,Spain,185.3K,262.2K,Sports with a ball,
paollaoliveirareal,Paolla Oliveira,34.8M,Brazil,60.7K,80.3K,Cinema & Actors/actresses,Lifestyle
kawtarbamo,KAWTAR BA-MOHAMED كوثر بامو,7.5M,Morocco,276K,373.9K,Cinema & Actors/actresses,
kaliuchis,,4M,United States,407.1K,702.8K,,
sivakarthikeyan,Sivakarthikeyan Doss,5.2M,India,460.6K,542.5K,,
lance210,Lance Stewart,6.6M,United States,257K,426.3K,Cinema & Actors/actresses,Humor & Fun & Happiness
chieffkeeffsossa,Chief Keef,7.8M,United States,196K,362.5K,,
seojuhyun_s,SEOHYUN 서현,7.6M,Indonesia,295.7K,370.6K,Cinema & Actors/actresses,
actor_jg,배우 이준기,6.5M,Indonesia,372.3K,437.3K,Cinema & Actors/actresses,
trueno,TR1 ⛈,6.9M,Argentina,261.6K,407.3K,,
junhui_moon,JUN 文俊辉,2.9M,Indonesia,797.7K,978.8K,Lifestyle,
asala,Asala,7.2M,Iraq,316.2K,392K,Shows,
mohanshakti,Shakti Mohan,16.5M,India,138.3K,166.1K,Cinema & Actors/actresses,
imouniroy,mon,24.5M,India,92.1K,112.2K,Cinema & Actors/actresses,
dominicfike,,3.5M,United States,417.8K,795.1K,,
anthonyjoshua,,14.3M,United Kingdom,141.5K,192K,Fitness & Gym,
flay,FLAY 🎙,7.7M,Brazil,174.1K,363.5K,Lifestyle,
gucci,,49M,United States,42K,55.7K,Accessories & Jewellery,Clothing & Outfits
alexis_officia1,Sanchez Alexis,14.5M,Chile,115.4K,190.5K,Sports with a ball,
sthefanematos,STHE ⚓️,10M,Brazil,123.1K,284.3K,Lifestyle,
jessicajane99,Jessica Jane,5.9M,Indonesia,352K,463.9K,Shows,Modeling
tohi,𝐓𝐎𝐇𝐈,12.1M,Iran,162K,240.7K,Lifestyle,
egorkreed,Егор Крид | #HeartBreakKid,14.7M,Russia,151.1K,185.3K,,
dhanashree9,Dhanashree Verma,5.2M,India,417.2K,525K,Lifestyle,Cinema & Actors/actresses
blythe,Andrea Brillantes,13.5M,Philippines,175.4K,199.9K,Cinema & Actors/actresses,Modeling
anastasiya_kvitko,AK,12.4M,United States,179.4K,219.5K,Lifestyle,Modeling
natalee.007,Natalie Lee,7M,United States,308.6K,394.5K,Modeling,
fedevalverde,Fede Valverde,6.6M,Spain,293.8K,416.7K,Sports with a ball,
canelo,Saul Alvarez,13.5M,Mexico,143.8K,200.2K,Fitness & Gym,
alvaromorata,Álvaro Morata,17.9M,Italy,96.7K,149.5K,Sports with a ball,Literature & Journalism
ms_puiyi,Siew Pui Yi 🤍,18.7M,United States,112.3K,143.8K,Adult content,
tamannaahspeaks,Tamannaah Bhatia,17.7M,India,129.4K,151K,Cinema & Actors/actresses,
tiagopzk,GOTTI A,5.4M,Argentina,219.4K,501.1K,,
rafakalimann,Rafa Kalimann,23.1M,Brazil,67.3K,121.4K,Modeling,
letthelordbewithyou,Scott Disick,27.5M,United States,64.1K,96.9K,Lifestyle,Family
jimmyfallon,Jimmy Fallon,23M,United States,92.5K,115.8K,Shows,Humor & Fun & Happiness
sofiaalcastro,♡sofia castro,8.8M,Colombia,225K,306.4K,Shows,Cinema & Actors/actresses
ler_chek,Валерия Чекалина,10.4M,Russia,197.2K,254.3K,Lifestyle,Beauty
rafaelnadal,Rafa Nadal,16.1M,Spain,131.3K,164.1K,Sports with a ball,
iiqraaziz,IQRA AZIZ HUSSAIN🇵🇰,8.8M,India,265.6K,302.7K,Beauty,Modeling
maitreyiramakrishnan,Maitreyi Ramakrishnan,3.8M,Brazil,485.4K,710.1K,Photography,Cinema & Actors/actresses
dhanushkraja,Dhanush,4.9M,India,421.3K,545.2K,Cinema & Actors/actresses,
priyankaamohanofficial,Priyanka Mohan,3.5M,India,672.3K,771.5K,Photography,Lifestyle
wdohwan,우도환,4.5M,Indonesia,446.2K,591.5K,Cinema & Actors/actresses,
zo,Lonzo Ball,14.7M,United States,98.9K,178.1K,Sports with a ball,
dukeandduchessofcambridge,Duke and Duchess of Cambridge,13.9M,United States,147.1K,187.9K,Family,Finance & Economics
min.nicha,MINNIE,4.1M,Thailand,468.8K,640.4K,Lifestyle,
kingarturo23oficial,Arturo Vidal,18.4M,Italy,87.9K,141.9K,Sports with a ball,
hm_son7,Son HeungMin(손흥민)🇰🇷,7.6M,Brazil,213.1K,346.6K,Sports with a ball,
iqbaal.e,Piko - The Forger,13.6M,Indonesia,111.2K,191.1K,Cinema & Actors/actresses,
arcticmonkeys,Arctic Monkeys,4.1M,United States,463.2K,651.5K,,
realshadmehr,Shadmehr Aghili,8.1M,Iran,236.4K,329.6K,,
laurenlondon,Lauren London,9.8M,United States,157.3K,268.8K,Cinema & Actors/actresses,Modeling
kevinho,KEVINHO,28M,Brazil,65.6K,91.8K,,
danialves,Daniel Alves,37.2M,Brazil,44.5K,69.1K,Sports with a ball,
jordynwoods,HEIR JORDYN,12.6M,United States,107.2K,203K,Modeling,Lifestyle
felipeneto,Felipe Neto 🦉,16.2M,Brazil,112.5K,159.1K,Lifestyle,
floydmayweather,Floyd Mayweather,28.4M,United States,51.8K,90.8K,Fitness & Gym,
woozi_universefactory,WOOZI,4M,Indonesia,543.6K,646.7K,,
sergiroberto,Sergi Roberto,7.6M,Spain,215.1K,339K,Sports with a ball,
snejanaonopka15,Snejana Onopka,9.2M,Brazil,216.4K,288.9K,Modeling,
larray,larri,6.7M,United States,262.1K,384.5K,Lifestyle,Modeling
dorra_zarrouk,DORRA درة.,15.9M,Egypt,118.2K,158.8K,Cinema & Actors/actresses,Fashion
keyshiakaoir,Keyshia Ka'oir Davis,7.8M,United States,182.6K,327.3K,Fitness & Gym,
bmw,BMW,33.7M,Iran,57.2K,74.7K,Cars & Motorbikes,
cnn,CNN,18.2M,United States,101.1K,139.5K,Shows,Literature & Journalism
guaynaa,Guaynaa 🧿,6.2M,Mexico,264.6K,408.1K,,
jscmila,Jessica Mila Agnesia,22.2M,Indonesia,84.6K,112.4K,Beauty,Modeling
sophiedee,Sophie Dee,12.4M,United States,153.1K,203.8K,Adult content,
jessica.syj,Jessica Jung,10.8M,Indonesia,189.5K,232.4K,Modeling,Beauty
kh1000le,CHENLE ZHONG,1.9M,,0,1.3M,,
felicyangelista_,Felicya Angelista,21.7M,Indonesia,83.3K,114.7K,Family,
aycaaysinturan,Ayça Ayşin Turan,6M,Turkey,317.9K,424.1K,Cinema & Actors/actresses,
mirandacosgrove,Miranda Cosgrove,9.8M,Brazil,163.7K,255.7K,Cinema & Actors/actresses,Lifestyle
kareenakapoorkhan,Kareena Kapoor Khan,9.6M,India,210.4K,262.8K,Family,Cinema & Actors/actresses
samsmith,Sam Smith,14.6M,United States,115.3K,168.9K,Fashion,
jaydacheaves,JAYDA,7.7M,United States,110.2K,326.6K,Clothing & Outfits,
ms.sethii,Shilpa Sethi,6.5M,United States,255.9K,387.2K,Modeling,
realhinakhan,HK,17.3M,India,115.1K,141.7K,Cinema & Actors/actresses,
_irishbella_,Irish Bella,21.3M,Indonesia,92.3K,114.5K,Cinema & Actors/actresses,
thiagosilva,Thiago Silva,19.8M,Brazil,73.2K,123.3K,Sports with a ball,
watanabenaomi703,渡辺直美　Naomi watanabe,9.9M,Japan,235.2K,250.5K,Cinema & Actors/actresses,Humor & Fun & Happiness
fifaworldcup,FIFA World Cup,29.1M,India,55.7K,84.1K,Sports with a ball,
allusnehareddy,Allu Sneha Reddy,8.4M,India,254.1K,294.6K,Travel,
twentyonepilots,twenty one pilots,8.5M,United States,229.1K,291.3K,,
soyneiva,Neiva Mara,11.9M,Brazil,153.7K,206.4K,Adult content,
yuzi_chahal23,Yuzvendra Chahal,8.1M,India,249.6K,304K,Lifestyle,Sports with a ball
kyliecosmetics,Kylie Cosmetics,26M,United States,65.1K,93.7K,Beauty,Shopping & Retail
theamitbhadana,Amit Bhadana ( अमित भड़ाना ),8.5M,India,239.1K,294.8K,Shows,
ridwankamil,Ridwan Kamil,19M,Indonesia,85.1K,130K,Literature & Journalism,Business & Careers
arashi_5_official,ARASHI,4.4M,Japan,554.2K,580.2K,,
bumkeyk,SHINee KEY,9.3M,Indonesia,221.7K,266K,,
dearra,De'arra Taylor,6.3M,United States,158.6K,395.6K,,
ansufati,Ansu Fati,9M,Spain,180.2K,273.3K,Sports with a ball,Winter sports
haniaheheofficial,Hania Aamir 哈尼亚·阿米尔,6M,Pakistan,360.4K,413.2K,Beauty,Lifestyle
baifernbah,baifernbah,11.2M,Indonesia,171.1K,216.8K,Lifestyle,
raisa6690,,33.2M,Indonesia,46.8K,73K,,
jacksepticeye,Jacksepticeye,7.9M,United States,268.2K,311.5K,Computers & Gadgets,Machinery & Technologies
karolsevillaofc,KAROL SEVILLA,15.1M,Brazil,127.1K,160.7K,Cinema & Actors/actresses,
nidhhiagerwal,Nidhhi Agerwal 🌟,25.4M,India,79.2K,94.7K,Cinema & Actors/actresses,Modeling
riyadmahrez26.7,RM26,9.2M,Algeria,206.5K,266K,Sports with a ball,
nadin_serovski,Nadin Serovski,9.4M,Russia,189.3K,259.3K,Family,Lifestyle
jasonderulo,Jason Derulo,10.4M,United States,162.1K,232.1K,,
veradijkmans,Vera Dijkmans,5.5M,United States,316.9K,445.4K,Adult content,
nashgrier,Nash Grier,12.6M,United States,106.3K,189.9K,Lifestyle,Modeling
fadiljaidi,Fadil Jaidi,7.9M,Indonesia,204.2K,306.9K,Lifestyle,
farhaddddddd,Farhad Majidi,3.6M,Iran,475.4K,786.5K,Sports with a ball,
landonorris,Lando Norris,5.7M,Italy,334.3K,421.2K,Racing Sports,Cars & Motorbikes
sabinahidalgo,Sabina Hidalgo,4.8M,Brazil,427.1K,512.5K,Lifestyle,
sofia9__official,SOFIA ANSARI,9.1M,India,193.1K,268.8K,Lifestyle,Cinema & Actors/actresses
canyaman,Can Yaman,10M,Italy,197.9K,246.2K,Cinema & Actors/actresses,Modeling
kashikakapoor09,Kashika Kapoor,9.6M,Indonesia,236.1K,254.5K,Beauty,Lifestyle
ykaaar,Damiano David/Måneskin,5.2M,Italy,336.7K,462K,Cinema & Actors/actresses,
jimena.jimenezr,Jimena,5.9M,Mexico,281.5K,406.5K,,
gongyoo_official,공유 gongyoo official,3.6M,Indonesia,531.8K,668K,Lifestyle,
lilpump,Lil Pump,15M,United States,100.6K,157.5K,,
reynmen,reyn,7.1M,Turkey,264.8K,337.4K,Cinema & Actors/actresses,
soycintiacossio,Cintia Cossio,5.7M,Colombia,335.3K,418.7K,Modeling,Adult content
pefabiodemelo,Fábio de Melo,25.7M,Brazil,61K,92.2K,Lifestyle,
urassayas,Urassaya Sperbund,11.9M,Thailand,160.1K,194.9K,Cinema & Actors/actresses,Modeling
ashleygraham,A S H L E Y  G R A H A M,19M,United States,92.7K,122.6K,Modeling,
_chaechae_1,김채원 (CHAEWON),2.8M,South Korea,696.8K,838.2K,Lifestyle,
maxverstappen1,Max Verstappen,9.1M,United States,195.9K,257.6K,Racing Sports,
antony00,Antony Santos,4M,Brazil,322.4K,595.7K,Sports with a ball,
gun_atthaphan,ATp,5.6M,Indonesia,349.3K,418.1K,Lifestyle,
sinavaliollah,Sina Valiollah,7.3M,Iran,256.2K,323.2K,Shows,
moneybaggyo,Certified Speaker,8.4M,United States,119K,283.9K,Lifestyle,
hannahelzahed,Hannah El-Zahed,18.1M,Egypt,103.9K,128.5K,Cinema & Actors/actresses,
hasnaink07,Hasnain khan,13.1M,India,143.3K,179.3K,,
cobratate,Emory Andrew Tate III,4.7M,Romania,311K,506.8K,Lifestyle,Racing Sports
burnaboygram,Burna Boy,11.4M,Nigeria,110.6K,203.1K,,
eunbining0904,박은빈,2.9M,South Korea,690.1K,814.7K,,
fortnite,Fortnite,25.7M,United States,76.3K,90.2K,Computers & Gadgets,
armaanmalik,ARMAAN MALIK 🧿,13.2M,India,151.6K,175.6K,,
julienco_,! Julian,6.4M,Germany,294.1K,362.3K,Lifestyle,Family
_hakkencoser_,Hakken 八犬,3.7M,United States,511.8K,625.4K,Photography,Modeling
juliabarretto,Julia,11.2M,Philippines,159.3K,203.7K,Cinema & Actors/actresses,Lifestyle
bugatti,BUGATTI,16.7M,United States,100.8K,136.4K,Cars & Motorbikes,Luxury
joerogan,Joe Rogan,15.6M,United States,105.5K,147.2K,Humor & Fun & Happiness,Cinema & Actors/actresses
mccabelinho,LITTLE HAIR,5.4M,Brazil,218.9K,431.9K,Lifestyle,
strangehuman,nova,4.3M,United States,0,540.1K,Lifestyle,
tontawan,ตู / t u 🌻(•ө•)ෆ⃛,3.8M,Thailand,459.1K,603.8K,Beauty,Lifestyle
danielricciardo,Daniel Ricciardo,7.3M,United States,238.3K,309.4K,Racing Sports,
ginaindelicada,Gina Indelicada,11.3M,Brazil,97.3K,199.4K,Humor & Fun & Happiness,
tovinothomas,Tovino⚡️Thomas,7M,India,179.1K,321.7K,Cinema & Actors/actresses,
timatiofficial,13,18.5M,Russia,91.5K,121.4K,Fitness & Gym,Lifestyle
jayshetty,Jay Shetty,11.6M,United States,152.5K,192.6K,Literature & Journalism,Trainers & Coaches
camilacoelho,CAMILA COELHO,9.9M,Brazil,107K,228.8K,Shows,
becaa_barreto,Rebeca 🌙,9.9M,Brazil,119.8K,228.6K,Lifestyle,
prideofgypsies,Jason Momoa,17.1M,United States,101.3K,130K,Cinema & Actors/actresses,
raffinagita1717,Raffi Ahmad and Nagita Slavina,64M,Indonesia,23.8K,34.8K,Shows,
artmodel.one,Юлечка💖Digital Art,7.2M,India,241.6K,313.5K,,
brycehall,Bryce Hall,7.2M,United States,242.1K,311K,,
silambarasantrofficial,Silambarasan TR,10.2M,India,169.6K,216.6K,Shows,Lifestyle
bowerjamie,ᴊᴀᴍɪᴇ ᴄᴀᴍᴘʙᴇʟʟ ʙᴏᴡᴇʀ,5.5M,Italy,302.6K,403.4K,Cinema & Actors/actresses,
jordialbaoficial,Jordi Alba,14.6M,Spain,103.9K,150.2K,Sports with a ball,
violets.tv,Violet Summers,13.8M,Italy,118K,162.2K,Adult content,
nameisnani,Nani,5.3M,India,387.2K,418K,Humor & Fun & Happiness,Cinema & Actors/actresses
tommyinnit,TommyInnit,3.5M,France,567.8K,640.4K,Shows,Cinema & Actors/actresses
porsche,Porsche,26.8M,United States,63.5K,81.2K,Cars & Motorbikes,
lynaritaa,Lyna Perez,9M,United States,186.7K,246.7K,Lifestyle,
tarasutaria,TARA💫,8.1M,India,215.7K,271.7K,Cinema & Actors/actresses,
thibautcourtois,Thibaut Courtois,11M,Spain,135.2K,196.3K,Sports with a ball,
rubyrose,Ruby Rose,20.1M,United States,82K,108.3K,Modeling,
joesthetics,Jo Lindner,7.6M,India,190K,289.6K,Fitness & Gym,
brfootball,Bleacher Report Football,12.6M,United States,105.7K,170.9K,Sports with a ball,
kaka,Kaká,18.8M,Brazil,70.2K,114.7K,Sports with a ball,
therealjosephmorgan,Joseph Morgan,8M,Brazil,219.8K,275.1K,Cinema & Actors/actresses,Lifestyle
marioruiz,Mario Ruiz,6.2M,Mexico,224.1K,349.7K,Lifestyle,
laurenjauregui,Lauren Jauregui,10.8M,United States,135.9K,200.7K,,
tejasswiprakash,Tejasswi Prakash,6.3M,India,304.4K,376.7K,Fashion,Beauty
shahinsamadpoor,Shahin Samad poor شاهین صمدپور,4.7M,Iran,360.5K,475.9K,Literature & Journalism,Cinema & Actors/actresses
michelle_lewin,Michelle Lewin,15.1M,United States,101.6K,143.4K,Fitness & Gym,
mb459,Mario Balotelli Barwuah 🇮🇹🇬🇭⚽️,10.5M,Turkey,140.7K,206K,Sports with a ball,
bighit_exhibition,2022 BTS EXHIBITION : Proof,5.6M,Indonesia,310.3K,384.6K,,
mario_houses,Mario Casas,7M,Spain,210.1K,311K,Modeling,Cinema & Actors/actresses
valeyellow46,Valentino Rossi,14.1M,Indonesia,115.6K,151K,Racing Sports,
jeremyrenner,Jeremy Renner,17.9M,United States,99.8K,119.3K,Shows,Cinema & Actors/actresses
leeyoum262,이유미,7.5M,South Korea,235.5K,288.5K,Lifestyle,
choquei,CHOQUEI,17.5M,Brazil,39.8K,124.1K,Literature & Journalism,
lalioficial,LALI❤️‍🔥,11M,Argentina,136K,194.6K,,
naisaalifiayuriza,Naisa Alifia Yuriza,9.9M,Indonesia,194.9K,218.3K,Lifestyle,
francety,Francia James,11.4M,India,144.8K,190K,Adult content,
aidanrgallagher,Aidan R Gallagher,7.7M,Mexico,233.2K,280.6K,,
leosantana,O GIGANTE,17.9M,Brazil,63.7K,119.5K,,
dhanashree9,Dhanashree Verma,5.2M,India,326.9K,411.3K,Shows,
jadethirlwall,jade amelia thirlwall,9.4M,United States,174.2K,228.1K,,
ninja,User Not Found,12.9M,United States,127.8K,163.9K,Computers & Gadgets,Machinery & Technologies
myriamfares,Myriam Fares,20.6M,Iraq,75.8K,102.4K,,
optimushwang,황민현,4.2M,South Korea,426K,508K,Lifestyle,
syifahadjureal,Syifa Hadju,15.5M,Indonesia,110.2K,136.1K,Modeling,
tontawan,ตู / t u 🌻(•ө•)ෆ⃛,3.8M,Thailand,459.1K,603.8K,Beauty,Lifestyle
danielricciardo,Daniel Ricciardo,7.3M,United States,238.3K,309.4K,Racing Sports,
ginaindelicada,Gina Indelicada,11.3M,Brazil,97.3K,199.4K,Humor & Fun & Happiness,
tovinothomas,Tovino⚡️Thomas,7M,India,179.1K,321.7K,Cinema & Actors/actresses,
timatiofficial,13,18.5M,Russia,91.5K,121.4K,Fitness & Gym,Lifestyle
jayshetty,Jay Shetty,11.6M,United States,152.5K,192.6K,Literature & Journalism,Trainers & Coaches
camilacoelho,CAMILA COELHO,9.9M,Brazil,107K,228.8K,Shows,
becaa_barreto,Rebeca 🌙,9.9M,Brazil,119.8K,228.6K,Lifestyle,
prideofgypsies,Jason Momoa,17.1M,United States,101.3K,130K,Cinema & Actors/actresses,
raffinagita1717,Raffi Ahmad and Nagita Slavina,64M,Indonesia,23.8K,34.8K,Shows,
artmodel.one,Юлечка💖Digital Art,7.2M,India,241.6K,313.5K,,
brycehall,Bryce Hall,7.2M,United States,242.1K,311K,,
silambarasantrofficial,Silambarasan TR,10.2M,India,169.6K,216.6K,Shows,Lifestyle
bowerjamie,ᴊᴀᴍɪᴇ ᴄᴀᴍᴘʙᴇʟʟ ʙᴏᴡᴇʀ,5.5M,Italy,302.6K,403.4K,Cinema & Actors/actresses,
jordialbaoficial,Jordi Alba,14.6M,Spain,103.9K,150.2K,Sports with a ball,
violets.tv,Violet Summers,13.8M,Italy,118K,162.2K,Adult content,
nameisnani,Nani,5.3M,India,387.2K,418K,Humor & Fun & Happiness,Cinema & Actors/actresses
tommyinnit,TommyInnit,3.5M,France,567.8K,640.4K,Shows,Cinema & Actors/actresses
porsche,Porsche,26.8M,United States,63.5K,81.2K,Cars & Motorbikes,
lynaritaa,Lyna Perez,9M,United States,186.7K,246.7K,Lifestyle,
tarasutaria,TARA💫,8.1M,India,215.7K,271.7K,Cinema & Actors/actresses,
thibautcourtois,Thibaut Courtois,11M,Spain,135.2K,196.3K,Sports with a ball,
rubyrose,Ruby Rose,20.1M,United States,82K,108.3K,Modeling,
joesthetics,Jo Lindner,7.6M,India,190K,289.6K,Fitness & Gym,
brfootball,Bleacher Report Football,12.6M,United States,105.7K,170.9K,Sports with a ball,
kaka,Kaká,18.8M,Brazil,70.2K,114.7K,Sports with a ball,
therealjosephmorgan,Joseph Morgan,8M,Brazil,219.8K,275.1K,Cinema & Actors/actresses,Lifestyle
marioruiz,Mario Ruiz,6.2M,Mexico,224.1K,349.7K,Lifestyle,
laurenjauregui,Lauren Jauregui,10.8M,United States,135.9K,200.7K,,
tejasswiprakash,Tejasswi Prakash,6.3M,India,304.4K,376.7K,Fashion,Beauty
shahinsamadpoor,Shahin Samad poor شاهین صمدپور,4.7M,Iran,360.5K,475.9K,Literature & Journalism,Cinema & Actors/actresses
michelle_lewin,Michelle Lewin,15.1M,United States,101.6K,143.4K,Fitness & Gym,
mb459,Mario Balotelli Barwuah 🇮🇹🇬🇭⚽️,10.5M,Turkey,140.7K,206K,Sports with a ball,
bighit_exhibition,2022 BTS EXHIBITION : Proof,5.6M,Indonesia,310.3K,384.6K,,
mario_houses,Mario Casas,7M,Spain,210.1K,311K,Modeling,Cinema & Actors/actresses
valeyellow46,Valentino Rossi,14.1M,Indonesia,115.6K,151K,Racing Sports,
jeremyrenner,Jeremy Renner,17.9M,United States,99.8K,119.3K,Shows,Cinema & Actors/actresses
leeyoum262,이유미,7.5M,South Korea,235.5K,288.5K,Lifestyle,
choquei,CHOQUEI,17.5M,Brazil,39.8K,124.1K,Literature & Journalism,
lalioficial,LALI❤️‍🔥,11M,Argentina,136K,194.6K,,
naisaalifiayuriza,Naisa Alifia Yuriza,9.9M,Indonesia,194.9K,218.3K,Lifestyle,
francety,Francia James,11.4M,India,144.8K,190K,Adult content,
aidanrgallagher,Aidan R Gallagher,7.7M,Mexico,233.2K,280.6K,,
leosantana,O GIGANTE,17.9M,Brazil,63.7K,119.5K,,
dhanashree9,Dhanashree Verma,5.2M,India,326.9K,411.3K,Shows,
jadethirlwall,jade amelia thirlwall,9.4M,United States,174.2K,228.1K,,
ninja,User Not Found,12.9M,United States,127.8K,163.9K,Computers & Gadgets,Machinery & Technologies
myriamfares,Myriam Fares,20.6M,Iraq,75.8K,102.4K,,
optimushwang,황민현,4.2M,South Korea,426K,508K,Lifestyle,
syifahadjureal,Syifa Hadju,15.5M,Indonesia,110.2K,136.1K,Modeling,
